1						0		12.707	21
2						0		12.260	35
3						0		3.352	11
4						0		0.612	4
5						0		2.718	9
6						0		6.664	21
7						0		6.451	19
8						0		18.625	27
9						0		11.502	23
10						0		5.900	13
11						0		3.627	12
12						0		3.082	12
13						0		3.648	13
14						0		7.805	22
15						0		30.062	46
16						0		2.058	7
17						0		8.844	21
18						0		12.071	22
19						0		18.079	43
20						0		0.858	4
21						0		14.248	31
22						0		10.354	24
23						0		3.199	9
24						0		3.930	10
25						0		6.419	16
26						0		18.068	34
27						0		13.370	29
28						0		15.610	28
29						0		16.321	23
30						0		5.679	12
31						0		9.564	15
32						0		35.904	60
33						0		12.302	30
34						0		5.335	15
35						0		12.492	25
36						0		9.129	16
37						0		20.052	29
38						0		25.048	34
39						0		6.110	12
40						0		30.990	42
41						0		18.840	46
42						0		6.097	22
43						0		6.828	17
44						0		9.455	26
45						0		25.822	44
46						0		11.018	23
47						0		4.813	12
48						0		7.537	21
49						0		14.124	29
50						0		18.961	31
51						0		8.149	17
52						0		19.848	31
53						0		3.657	7
54						0		2.813	8
55						0		6.828	10
56						0		19.581	34
57						0		24.519	38
58						0		18.233	46
59						0		20.027	58
60						0		4.849	15
61						0		18.608	48
62						0		5.407	14
63						0		20.332	44
64						0		8.967	21
65						0		21.612	43
66						0		7.734	17
67						0		25.741	48
68						0		19.411	40
69						0		11.374	24
70						0		12.230	19
71						0		14.291	29
72						0		11.572	22
73						0		7.227	15
74						0		2.025	6
75						0		6.337	11
76						0		33.246	79
77						0		13.231	26
78						0		12.776	23
79						0		40.223	56
80						0		12.436	25
81						0		30.645	60
82						0		18.966	34
83						0		19.262	32
84						0		29.869	58
85						0		9.953	23
86						0		7.703	18
87						0		8.983	25
88						0		4.315	12
89						0		6.215	16
90						0		8.431	21
91						0		14.915	35
92						0		0.158	2
93						0		16.614	34
94						0		7.914	14
95						0		16.318	31
96						0		3.990	8
97						0		10.039	14
98						0		1.982	6
99						0		9.181	28
100						0		6.985	14
101						0		7.887	18
102						0		14.527	32
103						0		19.856	35
104						0		15.506	33
105						0		18.618	34
106						0		5.143	15
107						0		12.804	23
108						0		24.566	39
109						0		12.614	21
110						0		5.936	13
111						0		3.755	7
112						0		13.200	24
113						0		21.626	26
114						0		4.922	10
115						0		6.617	9
116						0		21.596	39
117						0		9.066	18
118						0		16.329	24
119						0		10.060	17
120						0		2.190	8
121						0		7.717	15
122						0		15.770	32
123						0		15.301	26
124						0		8.332	15
125						0		2.195	6
126						0		4.485	2
127						0		37.396	49
128						0		14.567	33
129						0		10.863	19
130						0		1.483	9
131						0		14.776	34
132						0		24.343	35
133						0		0.183	2
134						0		19.061	28
135						0		19.310	29
136						0		12.065	21
137						0		7.310	12
138						0		14.645	20
139						0		18.741	32
140						0		16.806	29
141						0		13.062	14
142						0		14.131	30
143						0		13.313	16
144						0		10.446	21
145						0		15.135	22
146						0		11.107	19
147						0		10.257	15
148						0		5.458	14
149						0		9.543	20
150						0		3.949	9
151						0		31.258	49
152						0		4.633	11
153						0		5.200	17
154						0		12.035	24
155						0		30.660	35
156						0		7.635	19
157						0		8.710	21
158						0		6.911	13
159						0		34.482	48
160						0		24.720	32
161						0		1.875	7
162						0		22.123	32
163						0		0.119	2
164						0		20.116	24
165						0		36.547	64
166						0		20.187	38
167						0		13.134	18
168						0		6.113	11
169						0		30.734	38
170						0		1.657	4
171						0		15.424	23
172						0		14.732	19
173						0		3.668	8
174						0		10.235	13
175						0		10.231	18
176						0		9.553	15
177						0		29.201	43
178						0		0.154	2
179						0		40.497	56
180						0		15.125	21
181						0		58.221	93
182						0		6.031	11
183						0		15.168	29
184						0		16.756	24
185						0		13.999	19
186						0		8.285	14
187						0		3.587	8
188						0		2.211	7
189						0		6.356	15
190						0		2.184	7
191						0		1.720	7
192						0		3.752	9
193						0		1.950	5
194						0		23.164	35
195						0		5.796	10
196						0		11.378	24
197						0		36.051	52
198						0		8.989	17
199						0		8.575	17
200						0		8.722	17
201						0		9.835	21
202						0		1.565	8
203						0		10.826	20
204						0		10.537	18
205						0		2.054	2
206						0		9.465	16
207						0		10.169	19
208						0		7.093	12
209						0		5.936	16
210						0		5.337	9
211						0		12.312	16
212						0		18.829	25
213						0		2.482	5
214						0		12.110	13
215						0		11.347	21
216						0		6.793	13
217						0		12.933	19
218						0		3.354	7
219						0		12.847	22
220						0		8.034	14
221						0		3.852	8
222						0		27.090	30
223						0		3.213	8
224						0		28.535	42
225						0		29.340	38
226						0		20.076	24
227						0		19.682	29
228						0		11.000	18
229						0		17.215	22
230						0		10.041	16
231						0		13.113	18
232						0		32.238	44
233						0		10.486	15
234						0		9.605	15
235						0		13.893	20
236						0		5.048	10
237						0		11.488	13
238						0		1.898	4
239						0		3.136	8
240						0		19.166	25
241						0		2.224	4
242						0		2.194	7
243						0		29.109	41
244						0		12.242	22
245						0		35.978	59
246						0		33.228	56
247						0		14.289	32
248						0		44.487	84
249						0		16.725	28
250						0		29.199	49
251						0		24.471	46
252						0		4.474	13
253						0		23.249	34
254						0		29.728	52
255						0		0.291	2
256						0		40.635	77
257						0		29.321	60
258						0		35.518	54
259						0		36.455	55
260						0		30.760	61
261						0		19.486	34
262						0		5.984	14
263						0		4.327	12
264						0		11.154	18
265						0		7.625	18
266						0		14.611	22
267						0		25.946	38
268						0		27.831	35
269						0		1.452	6
270						0		4.696	14
271						0		10.644	22
272						0		12.961	22
273						0		12.896	24
274						0		7.642	21
275						0		1.665	8
276						0		6.076	12
277						0		6.125	17
278						0		10.215	27
279						0		7.973	15
280						0		7.139	14
281						0		0.992	5
282						0		4.627	9
283						0		0.985	6
284						0		3.583	10
285						0		5.035	10
286						0		42.157	68
287						0		5.353	13
288						0		9.805	19
289						0		5.929	10
290						0		13.755	24
291						0		7.450	19
292						0		10.398	15
293						0		3.087	8
294						0		14.630	26
295						0		8.410	12
296						0		7.102	17
297						0		1.174	5
298						0		3.887	10
299						0		11.767	32
300						0		2.780	7
301						0		9.095	19
302						0		8.821	11
303						0		8.788	20
304						0		32.103	54
305						0		36.116	57
306						0		26.155	46
307						0		5.192	13
308						0		7.753	21
309						0		12.825	25
310						0		0.104	2
311						0		19.981	33
312						0		8.480	18
313						0		1.916	6
314						0		4.207	10
315						0		5.037	10
316						0		0.224	2
317						0		5.348	14
318						0		16.671	24
319						0		20.615	37
320						0		16.592	25
321						0		16.203	23
322						0		2.601	8
323						0		37.064	44
324						0		2.239	8
325						0		9.105	17
326						0		4.992	14
327						0		3.571	12
328						0		6.711	14
329						0		8.883	18
330						0		32.576	35
331						0		6.569	17
332						0		11.585	16
333						0		0.243	2
334						0		15.455	20
335						0		10.718	25
336						0		10.973	14
337						0		23.245	46
338						0		11.410	15
339						0		0.111	2
340						0		1.728	7
341						0		21.183	27
342						0		7.443	12
343						0		0.155	2
344						0		13.162	17
345						0		9.887	25
346						0		8.028	14
347						0		12.279	18
348						0		12.339	20
349						0		16.231	21
350						0		11.219	26
351						0		14.950	28
352						0		12.994	29
353						0		6.303	16
354						0		7.117	16
355						0		16.579	40
356						0		1.231	4
357						0		8.996	13
358						0		6.787	10
359						0		5.076	8
360						0		8.365	15
361						0		1.570	5
362						0		1.690	3
363						0		17.073	18
364						0		6.061	13
365						0		5.854	8
366						0		9.368	12
367						0		7.057	12
368						0		3.608	7
369						0		14.126	22
370						0		0.488	3
371						0		9.673	23
372						0		6.307	18
373						0		12.671	35
374						0		8.439	16
375						0		0.127	2
376						0		7.657	19
377						0		6.530	17
378						0		8.620	21
379						0		15.159	30
380						0		10.543	27
381						0		4.869	12
382						0		4.951	11
383						0		5.698	12
384						0		10.732	20
385						0		9.323	21
386						0		16.506	28
387						0		12.185	19
388						0		10.662	15
389						0		10.289	15
390						0		7.507	18
391						0		4.870	9
392						0		3.322	7
393						0		9.575	11
394						0		6.456	8
395						0		12.192	15
396						0		6.184	8
397						0		4.073	6
398						0		8.586	11
399						0		14.800	18
400						0		1.392	2
401						0		8.750	20
402						0		9.777	13
403						0		10.715	15
404						0		6.807	12
405						0		6.664	10
406						0		9.358	12
407						0		14.745	17
408						0		9.299	13
409						0		13.598	22
410						0		11.052	16
411						0		11.191	16
412						0		14.897	16
413						0		6.223	10
414						0		3.764	8
415						0		1.578	3
416						0		0.280	2
417						0		4.243	7
418						0		4.306	8
419						0		7.674	12
420						0		1.258	3
421						0		0.502	2
422						0		9.912	16
423						0		11.696	14
424						0		6.515	10
425						0		7.110	11
426						0		3.752	7
427						0		5.545	8
428						0		15.742	19
429						0		0.363	2
430						0		9.876	13
431						0		0.111	2
432						0		8.313	12
433						0		10.065	15
434						0		14.650	21
435						0		6.311	9
436						0		5.318	8
437						0		21.087	29
438						0		5.640	9
439						0		6.693	9
440						0		1.446	4
441						0		9.544	12
442						0		12.405	17
443						0		7.520	17
444						0		8.773	17
445						0		12.723	22
446						0		13.258	18
447						0		7.119	12
448						0		6.837	10
449						0		5.840	12
450						0		10.264	16
451						0		13.151	25
452						0		6.798	11
453						0		8.987	13
454						0		8.539	12
455						0		10.368	12
456						0		4.706	9
457						0		8.524	12
458						0		5.292	9
459						0		16.807	23
460						0		13.639	19
461						0		8.251	11
462						0		3.384	6
463						0		13.853	17
464						0		2.289	7
465						0		9.141	11
466						0		19.534	27
467						0		5.472	9
468						0		1.158	3
469						0		3.815	7
470						0		7.562	15
471						0		23.435	38
472						0		3.924	10
473						0		23.496	35
474						0		8.642	14
475						0		10.043	20
476						0		1.623	5
477						0		6.075	9
478						0		5.330	10
479						0		27.549	32
480						0		11.654	17
481						0		15.970	25
482						0		12.085	19
483						0		15.593	24
484						0		10.696	12
485						0		22.021	33
486						0		33.973	36
487						0		5.928	10
488						0		9.395	12
489						0		10.615	16
490						0		13.703	18
491						0		4.340	8
492						0		9.385	13
493						0		4.833	8
494						0		5.693	8
495						0		8.450	14
496						0		9.777	15
497						0		1.508	4
498						0		16.004	22
499						0		5.713	8
500						0		11.546	16
501						0		7.694	13
502						0		13.898	17
503						0		10.292	14
504						0		5.484	9
505						0		20.258	24
506						0		18.926	22
507						0		12.451	17
508						0		19.464	26
509						0		10.762	14
510						0		19.436	25
511						0		5.406	9
512						0		19.338	23
513						0		8.387	13
514						0		2.672	5
515						0		9.945	13
516						0		1.871	3
517						0		2.847	6
518						0		11.996	18
519						0		19.131	23
520						0		14.295	20
521						0		5.433	9
522						0		6.160	11
523						0		28.635	39
524						0		11.753	17
525						0		13.784	23
526						0		8.358	12
527						0		7.912	10
528						0		17.242	24
529						0		7.987	13
530						0		5.316	7
531						0		29.271	28
532						0		7.523	12
533						0		6.992	9
534						0		10.679	13
535						0		32.791	42
536						0		10.500	13
537						0		41.019	41
538						0		21.915	23
539						0		11.947	21
540						0		16.807	25
541						0		10.102	15
542						0		16.629	39
543						0		17.923	30
544						0		7.152	15
545						0		4.095	9
546						0		7.415	18
547						0		7.359	18
548						0		4.541	11
549						0		3.251	10
550						0		13.235	25
551						0		7.014	14
552						0		5.562	13
553						0		8.509	17
554						0		4.101	10
555						0		12.645	26
556						0		10.994	21
557						0		4.321	10
558						0		5.963	16
559						0		22.270	34
560						0		10.808	25
561						0		23.353	44
562						0		11.700	23
563						0		20.141	33
564						0		18.933	36
565						0		12.354	19
566						0		8.834	21
567						0		20.780	32
568						0		7.932	12
569						0		8.369	15
570						0		16.820	30
571						0		20.186	35
572						0		5.391	14
573						0		1.193	4
574						0		7.071	12
575						0		9.110	16
576						0		5.687	15
577						0		10.073	21
578						0		1.565	2
579						0		8.961	15
580						0		2.351	7
581						0		3.117	8
582						0		5.915	13
583						0		0.151	2
584						0		21.848	35
585						0		4.594	12
586						0		20.841	38
587						0		0.166	2
588						0		17.142	34
589						0		10.204	25
590						0		1.549	6
591						0		8.113	18
592						0		10.074	19
593						0		20.974	38
594						0		12.145	23
595						0		13.522	25
596						0		5.902	13
597						0		9.913	16
598						0		10.488	15
599						0		1.215	5
600						0		8.523	13
601						0		22.853	40
602						0		9.886	18
603						0		8.098	12
604						0		2.856	9
605						0		13.284	27
606						0		15.209	27
607						0		4.884	12
608						0		12.091	24
609						0		20.907	31
610						0		13.431	23
611						0		19.391	33
612						0		10.395	19
613						0		10.175	26
614						0		15.086	34
615						0		10.986	19
616						0		11.052	25
617						0		9.954	21
618						0		6.995	16
619						0		13.549	30
620						0		11.643	17
621						0		13.843	21
622						0		27.948	56
623						0		3.312	8
624						0		15.238	16
625						0		13.660	25
626						0		15.652	24
627						0		10.395	20
628						0		5.640	10
629						0		7.928	14
630						0		24.010	32
631						0		15.729	27
632						0		0.112	2
633						0		5.439	18
634						0		10.579	20
635						0		6.676	13
636						0		8.029	15
637						0		6.151	11
638						0		13.755	26
639						0		19.896	39
640						0		10.914	21
641						0		12.107	24
642						0		10.000	20
643						0		9.118	24
644						0		5.635	10
645						0		7.887	13
646						0		19.445	36
647						0		14.669	28
648						0		14.270	23
649						0		22.404	40
650						0		13.599	29
651						0		28.666	41
652						0		8.278	17
653						0		15.807	25
654						0		14.199	25
655						0		2.678	7
656						0		7.419	16
657						0		3.646	9
658						0		9.519	16
659						0		8.399	14
660						0		14.238	31
661						0		11.226	22
662						0		4.891	12
663						0		20.084	32
664						0		3.640	11
665						0		6.232	13
666						0		2.928	8
667						0		6.765	16
668						0		8.589	17
669						0		1.999	7
670						0		3.900	11
671						0		7.483	14
672						0		6.724	12
673						0		8.673	14
674						0		7.613	14
675						0		3.520	11
676						0		13.807	23
677						0		17.546	30
678						0		2.692	7
679						0		5.379	9
680						0		13.291	24
681						0		2.117	7
682						0		20.618	29
683						0		3.595	10
684						0		10.403	15
685						0		2.505	8
686						0		11.219	21
687						0		0.124	2
688						0		5.412	11
689						0		6.392	12
690						0		6.465	13
691						0		5.967	14
692						0		5.485	13
693						0		5.382	10
694						0		7.805	20
695						0		15.411	25
696						0		4.671	10
697						0		11.513	20
698						0		10.573	19
699						0		39.012	54
700						0		9.767	16
701						0		28.335	40
702						0		5.374	15
703						0		4.699	10
704						0		4.649	11
705						0		5.718	10
706						0		0.178	2
707						0		4.486	10
708						0		6.487	12
709						0		20.562	28
710						0		11.023	20
711						0		3.135	9
712						0		9.981	19
713						0		17.081	28
714						0		11.338	18
715						0		10.442	21
716						0		13.130	30
717						0		2.526	7
718						0		18.775	34
719						0		0.250	2
720						0		0.160	2
721						0		7.109	12
722						0		18.986	28
723						0		8.599	15
724						0		14.316	21
725						0		6.436	12
726						0		0.318	2
727						0		33.864	43
728						0		8.666	16
729						0		22.232	35
730						0		20.829	39
731						0		0.312	2
732						0		23.085	36
733						0		0.425	2
734						0		0.463	2
735						0		6.873	10
736						0		14.047	26
737						0		8.828	22
738						0		5.764	14
739						0		17.593	27
740						0		15.186	24
741						0		5.450	11
742						0		7.616	15
743						0		5.083	12
744						0		15.946	24
745						0		2.793	7
746						0		30.437	40
747						0		25.329	45
748						0		3.414	8
749						0		19.170	27
750						0		7.654	15
751						0		32.323	66
752						0		49.287	72
753						0		4.906	10
754						0		7.679	18
755						0		14.686	25
756						0		14.280	27
757						0		5.656	9
758						0		27.685	36
759						0		22.393	37
760						0		14.386	28
761						0		19.902	24
762						0		16.413	30
763						0		13.808	22
764						0		31.214	46
765						0		7.266	18
766						0		6.713	17
767						0		14.173	22
768						0		11.790	21
769						0		11.042	20
770						0		15.596	21
771						0		10.724	19
772						0		13.505	20
773						0		14.238	24
774						0		13.169	24
775						0		43.084	61
776						0		31.263	39
777						0		15.292	31
778						0		47.090	53
779						0		35.635	50
780						0		22.632	33
781						0		19.765	27
782						0		13.541	17
783						0		26.544	32
784						0		14.176	19
785						0		7.471	14
786						0		33.657	46
787						0		38.191	57
788						0		2.922	7
789						0		18.121	25
790						0		29.673	44
791						0		35.492	48
792						0		3.252	2
793						0		30.265	50
794						0		12.759	19
795						0		9.086	13
796						0		29.453	47
797						0		6.524	5
798						0		40.807	58
799						0		9.001	12
800						0		11.775	17
801						0		16.149	26
802						0		12.582	27
803						0		11.770	20
804						0		12.042	17
805						0		27.777	34
806						0		19.555	32
807						0		15.080	21
808						0		27.500	42
809						0		7.251	15
810						0		30.329	36
811						0		6.889	14
812						0		24.771	32
813						0		5.828	9
814						0		11.515	15
815						0		9.216	14
816						0		3.974	9
817						0		10.482	16
818						0		7.580	18
819						0		15.931	21
820						0		13.038	21
821						0		14.732	22
822						0		10.147	18
823						0		24.503	38
824						0		6.644	18
825						0		10.892	14
826						0		23.946	40
827						0		7.439	11
828						0		7.766	17
829						0		22.258	28
830						0		6.234	13
831						0		15.539	26
832						0		5.170	10
833						0		2.671	3
834						0		2.324	4
835						0		3.378	7
836						0		13.357	15
837						0		9.061	17
838						0		13.492	16
839						0		17.598	31
840						0		3.038	8
841						0		5.314	11
842						0		2.631	6
843						0		13.584	22
844						0		8.288	19
845						0		8.474	17
846						0		4.910	11
847						0		12.832	22
848						0		17.262	30
849						0		31.584	49
850						0		14.328	22
851						0		11.951	21
852						0		14.808	19
853						0		2.606	7
854						0		11.476	23
855						0		9.895	15
856						0		22.024	28
857						0		24.935	36
858						0		27.950	43
859						0		49.252	53
860						0		10.793	18
861						0		4.935	10
862						0		25.412	28
863						0		76.542	114
864						0		42.195	56
865						0		28.546	49
866						0		6.586	11
867						0		13.524	23
868						0		24.030	37
869						0		15.461	21
870						0		44.732	60
871						0		5.196	11
872						0		36.646	56
873						0		24.715	32
874						0		18.954	24
875						0		13.945	19
876						0		39.762	73
877						0		32.834	47
878						0		7.336	16
879						0		16.773	29
880						0		30.540	52
881						0		18.310	37
882						0		12.719	34
883						0		21.838	41
884						0		3.418	7
885						0		18.510	30
886						0		5.570	12
887						0		30.267	47
888						0		12.272	23
889						0		13.111	23
890						0		13.855	23
891						0		10.784	3
892						0		19.786	29
893						0		4.356	8
894						0		19.375	25
895						0		7.145	14
896						0		10.266	21
897						0		5.820	13
898						0		8.467	21
899						0		5.970	11
900						0		6.225	10
901						0		10.916	26
902						0		8.057	14
903						0		10.456	22
904						0		7.900	18
905						0		10.451	19
906						0		21.187	34
907						0		13.873	22
908						0		22.861	32
909						0		5.049	6
910						0		31.576	34
911						0		20.570	10
912						0		14.405	33
913						0		11.830	17
914						0		15.800	27
915						0		3.082	6
916						0		27.754	56
917						0		15.566	28
918						0		14.025	24
919						0		32.084	43
920						0		18.126	25
921						0		55.145	83
922						0		4.899	13
923						0		36.662	58
924						0		5.190	10
925						0		16.861	30
926						0		8.491	18
927						0		8.219	16
928						0		28.654	39
929						0		5.032	13
930						0		5.842	11
931						0		11.507	27
932						0		23.263	34
933						0		30.691	40
934						0		18.986	29
935						0		32.576	41
936						0		37.901	44
937						0		43.497	60
938						0		4.921	9
939						0		5.763	13
940						0		9.382	19
941						0		9.127	15
942						0		37.065	48
943						0		4.038	9
944						0		22.186	30
945						0		4.375	9
946						0		7.179	16
947						0		8.399	18
948						0		21.628	38
949						0		19.393	28
950						0		14.150	22
951						0		13.813	22
952						0		28.372	39
953						0		0.169	2
954						0		15.039	24
955						0		37.298	48
956						0		39.046	59
957						0		14.731	28
958						0		6.162	12
959						0		13.161	20
960						0		6.727	12
961						0		8.179	14
962						0		6.274	15
963						0		28.881	39
964						0		27.004	37
965						0		31.460	44
966						0		45.340	76
967						0		25.450	50
968						0		9.262	20
969						0		6.649	16
970						0		23.879	37
971						0		6.089	15
972						0		5.670	17
973						0		2.251	7
974						0		73.549	114
975						0		10.430	23
976						0		18.791	29
977						0		20.832	36
978						0		13.344	22
979						0		61.952	92
980						0		23.339	40
981						0		13.327	25
982						0		19.558	32
983						0		13.975	21
984						0		12.487	22
985						0		10.488	18
986						0		12.377	17
987						0		12.382	22
988						0		10.916	16
989						0		3.572	8
990						0		19.974	34
991						0		5.999	13
992						0		10.581	18
993						0		9.558	15
994						0		9.158	16
995						0		13.720	21
996						0		8.228	18
997						0		4.482	9
998						0		9.111	17
999						0		3.559	9
1000						0		4.586	9
1001						0		14.370	25
1002						0		20.384	27
1003						0		10.269	15
1004						0		17.824	29
1005						0		10.174	15
1006						0		5.580	14
1007						0		4.915	11
1008						0		18.145	27
1009						0		12.131	19
1010						0		16.891	24
1011						0		20.049	29
1012						0		25.665	36
1013						0		14.412	22
1014						0		5.557	13
1015						0		13.843	22
1016						0		13.790	28
1017						0		8.123	16
1018						0		22.616	39
1019						0		22.510	31
1020						0		15.948	25
1021						0		15.635	24
1022						0		8.828	17
1023						0		10.352	10
1024						0		37.023	27
1025						0		19.937	14
1026						0		74.611	42
1027						0		29.845	22
1028						0		15.012	27
