code,classe,famille,points,proches
GN N0008 2-1485,RN,GN N*,78,0
GN N0008 2-1486,RN,GN N*,51,0
GN N0015 1-1541,RN,GN N*,63,0
GN N0024 1-1403,RN,GN N*,61,0
GN N0039 1-1569,RN,GN N*,75,0
GN N0039 1-1572,RN,GN N*,70,0
RES-100,RR,RES-*,34,0
RES-1000,RR,RES-*,22,0
RES-1001,RR,RES-*,71,0
RES-101,RR,RES-*,39,0
RES-1014,RR,RES-*,27,0
RES-1015,RR,RES-*,69,0
RES-1016,RR,RES-*,68,0
RES-1017,RR,RES-*,40,0
RES-1028,RR,RES-*,75,0
RES-106,RR,RES-*,25,0
RES-11,RR,RES-*,18,0
RES-118,RR,RES-*,81,0
RES-120,RR,RES-*,10,0
RES-123,RR,RES-*,76,0
RES-124,RR,RES-*,41,0
RES-125,RR,RES-*,10,0
RES-126,RR,RES-*,22,0
RES-129,RR,RES-*,54,0
RES-130,RR,RES-*,7,0
RES-131,RR,RES-*,73,0
RES-133,RR,RES-*,1,0
RES-159,RR,RES-*,172,0
RES-16,RR,RES-*,10,0
RES-161,RR,RES-*,9,0
RES-163,RR,RES-*,1,0
RES-168,RR,RES-*,30,0
RES-170,RR,RES-*,8,0
RES-178,RR,RES-*,1,0
RES-183,RR,RES-*,75,0
RES-184,RR,RES-*,83,0
RES-185,RR,RES-*,69,0
RES-190,RR,RES-*,10,0
RES-191,RR,RES-*,8,0
RES-193,RR,RES-*,9,0
RES-196,RR,RES-*,56,0
RES-201,RR,RES-*,49,0
RES-202,RR,RES-*,7,0
RES-206,RR,RES-*,47,0
RES-208,RR,RES-*,35,0
RES-209,RR,RES-*,29,0
RES-218,RR,RES-*,16,0
RES-220,RR,RES-*,40,0
RES-232,RR,RES-*,161,0
RES-233,RR,RES-*,52,0
RES-234,RR,RES-*,48,0
RES-24,RR,RES-*,19,0
RES-241,RR,RES-*,11,0
RES-242,RR,RES-*,10,0
RES-243,RR,RES-*,145,0
RES-246,RR,RES-*,166,0
RES-247,RR,RES-*,71,0
RES-25,RR,RES-*,32,0
RES-252,RR,RES-*,22,0
RES-254,RR,RES-*,148,0
RES-255,RR,RES-*,1,0
RES-260,RR,RES-*,153,0
RES-262,RR,RES-*,29,0
RES-270,RR,RES-*,23,0
RES-275,RR,RES-*,8,0
RES-276,RR,RES-*,30,0
RES-278,RR,RES-*,51,0
RES-287,RR,RES-*,26,0
RES-293,RR,RES-*,15,0
RES-3,RR,RES-*,16,0
RES-302,RR,RES-*,44,0
RES-322,RR,RES-*,13,0
RES-324,RR,RES-*,11,0
RES-327,RR,RES-*,17,0
RES-328,RR,RES-*,33,0
RES-329,RR,RES-*,44,0
RES-331,RR,RES-*,32,0
RES-338,RR,RES-*,57,0
RES-341,RR,RES-*,105,0
RES-342,RR,RES-*,37,0
RES-347,RR,RES-*,61,0
RES-349,RR,RES-*,81,0
RES-354,RR,RES-*,35,0
RES-356,RR,RES-*,6,0
RES-357,RR,RES-*,44,0
RES-358,RR,RES-*,33,0
RES-365,RR,RES-*,29,0
RES-370,RR,RES-*,2,0
RES-377,RR,RES-*,32,0
RES-378,RR,RES-*,43,0
RES-384,RR,RES-*,53,0
RES-393,RR,RES-*,47,0
RES-396,RR,RES-*,30,0
RES-398,RR,RES-*,42,0
RES-399,RR,RES-*,74,0
RES-4,RR,RES-*,3,0
RES-400,RR,RES-*,6,0
RES-406,RR,RES-*,46,0
RES-407,RR,RES-*,73,0
RES-409,RR,RES-*,67,0
RES-410,RR,RES-*,55,0
RES-419,RR,RES-*,38,0
RES-428,RR,RES-*,78,0
RES-432,RR,RES-*,41,0
RES-433,RR,RES-*,50,0
RES-434,RR,RES-*,73,0
RES-435,RR,RES-*,31,0
RES-436,RR,RES-*,26,0
RES-440,RR,RES-*,7,0
RES-441,RR,RES-*,47,0
RES-442,RR,RES-*,62,0
RES-443,RR,RES-*,37,0
RES-450,RR,RES-*,51,0
RES-452,RR,RES-*,33,0
RES-453,RR,RES-*,44,0
RES-458,RR,RES-*,26,0
RES-461,RR,RES-*,41,0
RES-462,RR,RES-*,16,0
RES-463,RR,RES-*,69,0
RES-470,RR,RES-*,37,0
RES-478,RR,RES-*,26,0
RES-479,RR,RES-*,137,0
RES-482,RR,RES-*,60,0
RES-483,RR,RES-*,77,0
RES-484,RR,RES-*,53,0
RES-487,RR,RES-*,29,0
RES-488,RR,RES-*,46,0
RES-49,RR,RES-*,70,0
RES-491,RR,RES-*,21,0
RES-493,RR,RES-*,24,0
RES-494,RR,RES-*,28,0
RES-496,RR,RES-*,48,0
RES-497,RR,RES-*,7,0
RES-501,RR,RES-*,38,0
RES-502,RR,RES-*,69,0
RES-507,RR,RES-*,62,0
RES-508,RR,RES-*,97,0
RES-51,RR,RES-*,40,0
RES-510,RR,RES-*,97,0
RES-511,RR,RES-*,27,0
RES-513,RR,RES-*,41,0
RES-514,RR,RES-*,13,0
RES-515,RR,RES-*,49,0
RES-521,RR,RES-*,27,0
RES-522,RR,RES-*,30,0
RES-524,RR,RES-*,58,0
RES-526,RR,RES-*,41,0
RES-530,RR,RES-*,26,0
RES-532,RR,RES-*,37,0
RES-534,RR,RES-*,53,0
RES-535,RR,RES-*,163,0
RES-539,RR,RES-*,59,0
RES-540,RR,RES-*,84,0
RES-544,RR,RES-*,35,0
RES-546,RR,RES-*,37,0
RES-547,RR,RES-*,36,0
RES-548,RR,RES-*,22,0
RES-549,RR,RES-*,16,0
RES-55,RR,RES-*,34,0
RES-555,RR,RES-*,63,0
RES-568,RR,RES-*,39,0
RES-569,RR,RES-*,41,0
RES-573,RR,RES-*,5,0
RES-580,RR,RES-*,11,0
RES-581,RR,RES-*,15,0
RES-582,RR,RES-*,29,0
RES-585,RR,RES-*,22,0
RES-592,RR,RES-*,50,0
RES-600,RR,RES-*,42,0
RES-602,RR,RES-*,49,0
RES-605,RR,RES-*,66,0
RES-607,RR,RES-*,24,0
RES-608,RR,RES-*,60,0
RES-612,RR,RES-*,51,0
RES-615,RR,RES-*,54,0
RES-616,RR,RES-*,55,0
RES-617,RR,RES-*,49,0
RES-618,RR,RES-*,34,0
RES-625,RR,RES-*,68,0
RES-628,RR,RES-*,28,0
RES-629,RR,RES-*,39,0
RES-630,RR,RES-*,120,0
RES-637,RR,RES-*,30,0
RES-639,RR,RES-*,99,0
RES-646,RR,RES-*,97,0
RES-652,RR,RES-*,41,0
RES-653,RR,RES-*,79,0
RES-654,RR,RES-*,70,0
RES-655,RR,RES-*,13,0
RES-656,RR,RES-*,37,0
RES-657,RR,RES-*,18,0
RES-666,RR,RES-*,14,0
RES-670,RR,RES-*,19,0
RES-672,RR,RES-*,33,0
RES-687,RR,RES-*,1,0
RES-688,RR,RES-*,27,0
RES-689,RR,RES-*,31,0
RES-690,RR,RES-*,32,0
RES-70,RR,RES-*,61,0
RES-703,RR,RES-*,23,0
RES-704,RR,RES-*,23,0
RES-705,RR,RES-*,28,0
RES-706,RR,RES-*,1,0
RES-715,RR,RES-*,52,0
RES-716,RR,RES-*,65,0
RES-719,RR,RES-*,1,0
RES-720,RR,RES-*,1,0
RES-73,RR,RES-*,36,0
RES-730,RR,RES-*,104,0
RES-738,RR,RES-*,28,0
RES-745,RR,RES-*,13,0
RES-747,RR,RES-*,126,0
RES-761,RR,RES-*,99,0
RES-762,RR,RES-*,82,0
RES-763,RR,RES-*,69,0
RES-783,RR,RES-*,132,0
RES-803,RR,RES-*,58,0
RES-806,RR,RES-*,97,0
RES-807,RR,RES-*,75,0
RES-808,RR,RES-*,137,0
RES-81,RR,RES-*,153,0
RES-811,RR,RES-*,34,0
RES-812,RR,RES-*,123,0
RES-813,RR,RES-*,29,0
RES-816,RR,RES-*,19,0
RES-818,RR,RES-*,37,0
RES-82,RR,RES-*,94,0
RES-820,RR,RES-*,65,0
RES-824,RR,RES-*,33,0
RES-829,RR,RES-*,111,0
RES-83,RR,RES-*,96,0
RES-830,RR,RES-*,31,0
RES-831,RR,RES-*,77,0
RES-832,RR,RES-*,25,0
RES-833,RR,RES-*,13,0
RES-834,RR,RES-*,11,0
RES-835,RR,RES-*,16,0
RES-837,RR,RES-*,45,0
RES-84,RR,RES-*,149,0
RES-841,RR,RES-*,26,0
RES-85,RR,RES-*,49,0
RES-853,RR,RES-*,13,0
RES-855,RR,RES-*,49,0
RES-858,RR,RES-*,139,0
RES-860,RR,RES-*,53,0
RES-861,RR,RES-*,24,0
RES-866,RR,RES-*,32,0
RES-871,RR,RES-*,25,0
RES-872,RR,RES-*,183,0
RES-882,RR,RES-*,63,0
RES-885,RR,RES-*,92,0
RES-886,RR,RES-*,27,0
RES-887,RR,RES-*,151,0
RES-890,RR,RES-*,69,0
RES-891,RR,RES-*,53,0
RES-892,RR,RES-*,98,0
RES-893,RR,RES-*,21,0
RES-894,RR,RES-*,96,0
RES-895,RR,RES-*,35,0
RES-896,RR,RES-*,51,0
RES-897,RR,RES-*,29,0
RES-899,RR,RES-*,29,0
RES-902,RR,RES-*,40,0
RES-903,RR,RES-*,52,0
RES-906,RR,RES-*,105,0
RES-908,RR,RES-*,114,0
RES-909,RR,RES-*,25,0
RES-911,RR,RES-*,102,0
RES-912,RR,RES-*,72,0
RES-917,RR,RES-*,77,0
RES-918,RR,RES-*,70,0
RES-919,RR,RES-*,160,0
RES-924,RR,RES-*,25,0
RES-929,RR,RES-*,25,0
RES-933,RR,RES-*,153,0
RES-94,RR,RES-*,39,0
RES-953,RR,RES-*,1,0
RES-96,RR,RES-*,19,0
RES-960,RR,RES-*,33,0
RES-962,RR,RES-*,31,0
RES-965,RR,RES-*,157,0
RES-97,RR,RES-*,50,0
RES-98,RR,RES-*,9,0
RES-986,RR,RES-*,61,0
RES-987,RR,RES-*,61,0
RES-99,RR,RES-*,45,0
RES-990,RR,RES-*,99,0
RES-991,RR,RES-*,29,0
RES-995,RR,RES-*,68,0
RES-999,RR,RES-*,17,0
RN24-OSM-30,RN,*-OSM-*,1,0
