categorie,nature,numero,nom,km,osm_id
PRINCIPALE,Route primaire,A7,"",66.837,w373881379
TERTIAIRE,Route tertiaire,"","",58.741,w246571540
TERTIAIRE,Route tertiaire,"","",46.344,w610051189
SECONDAIRE,Route secondaire,"","",43.279,w270262211
TERTIAIRE,Route tertiaire,"","",39.090,w238471898
TERTIAIRE,Route tertiaire,"","",37.314,w293099119
TERTIAIRE,Route tertiaire,"","",33.983,w289225911
TERTIAIRE,Route tertiaire,"","",32.932,w38919287
SECONDAIRE,Route secondaire,"","",30.789,w691203696
TERTIAIRE,Route tertiaire,"","",29.233,w337382029
TERTIAIRE,Route tertiaire,"","",27.181,w246573815
TERTIAIRE,Route tertiaire,"","",26.477,w219780186
TERTIAIRE,Route tertiaire,"","",26.046,w301880493
PRINCIPALE,Route primaire,"","",24.908,w688278974
TERTIAIRE,Route tertiaire,"","",23.637,w270643497
TERTIAIRE,Route tertiaire,"","",23.053,w270364268
TERTIAIRE,Route tertiaire,"","",22.972,w620101853
TERTIAIRE,Route tertiaire,"","",22.948,w628799578
TERTIAIRE,Route tertiaire,"","",22.551,w292790024
TERTIAIRE,Route tertiaire,"","",22.085,w271243400
TERTIAIRE,Route tertiaire,"","",21.771,w197557965
TERTIAIRE,Route tertiaire,"","",20.335,w296991152
TERTIAIRE,Route tertiaire,"","",19.759,w492791958
TERTIAIRE,Route tertiaire,"","",19.421,w236184002
TERTIAIRE,Route tertiaire,"","",19.382,w319734251
TERTIAIRE,Route tertiaire,"","",19.114,w301885578
TERTIAIRE,Route tertiaire,"","",19.056,w304938428
SECONDAIRE,Route secondaire,"","",18.729,w116442730
TERTIAIRE,Route tertiaire,"","",17.467,w496780757
SECONDAIRE,Route secondaire,"","",17.045,w271420406
TERTIAIRE,Route tertiaire,"","",16.763,w246573890
TERTIAIRE,Route tertiaire,"","",16.643,w304504662
TERTIAIRE,Route tertiaire,"","",16.635,w211866765
TERTIAIRE,Route tertiaire,"","",16.610,w435286543
TERTIAIRE,Route tertiaire,"","",16.125,w314237491
TERTIAIRE,Route tertiaire,"","",15.870,w197804187
TERTIAIRE,Route tertiaire,"","",15.742,w302751593
TERTIAIRE,Route tertiaire,"","",15.677,w660460946
TERTIAIRE,Route tertiaire,"","",15.482,w316101230
TERTIAIRE,Route tertiaire,"","",15.289,w241718697
SECONDAIRE,Route secondaire,"","",15.270,w319383248
TERTIAIRE,Route tertiaire,"","",15.031,w247175952
TERTIAIRE,Route tertiaire,"","",14.970,w372984496
SECONDAIRE,Route secondaire,"","",14.939,w697164957
TERTIAIRE,Route tertiaire,"","",14.818,w268712890
TERTIAIRE,Route tertiaire,"","",14.610,w220233137
TERTIAIRE,Route tertiaire,"","",14.555,w238401089
TERTIAIRE,Route tertiaire,"","",14.536,w241959264
TERTIAIRE,Route tertiaire,"","",14.279,w300380676
TERTIAIRE,Route tertiaire,"","",14.105,w326158075
TERTIAIRE,Route tertiaire,"","",13.999,w277824578
TERTIAIRE,Route tertiaire,"","",13.920,w496941659
SECONDAIRE,Route secondaire,"","",13.912,w440061759
TERTIAIRE,Route tertiaire,"","",13.345,w496723246
TERTIAIRE,Route tertiaire,"","",13.274,w328659987
PRINCIPALE,Route primaire,"","",13.153,w291605401
TERTIAIRE,Route tertiaire,"","",13.106,w314329219
TERTIAIRE,Route tertiaire,"","",12.950,w247166976
TERTIAIRE,Route tertiaire,"","",12.914,w327590127
TERTIAIRE,Route tertiaire,"","",12.665,w213157840
TERTIAIRE,Route tertiaire,"","",12.506,w268773402
TERTIAIRE,Route tertiaire,"","",12.444,w304026274
TERTIAIRE,Route tertiaire,"","",12.284,w409891775
SECONDAIRE,Route secondaire,"","",12.224,w270873981
TERTIAIRE,Route tertiaire,"","",12.171,w828032150
TERTIAIRE,Route tertiaire,"",C existant,12.031,w1069554732
TERTIAIRE,Route tertiaire,"","",11.952,w304943848
TERTIAIRE,Route tertiaire,"","",11.904,w271251264
TERTIAIRE,Route tertiaire,"","",11.894,w247171626
TERTIAIRE,Route tertiaire,"","",11.866,w330992863
TERTIAIRE,Route tertiaire,"","",11.837,w756557839
PRINCIPALE,Route primaire,"","",11.836,w678370597
TERTIAIRE,Route tertiaire,"","",11.751,w535392391
TERTIAIRE,Route tertiaire,"","",11.731,w312350579
TERTIAIRE,Route tertiaire,"","",11.725,w302387936
VOIE_RAPIDE,Voie rapide,"","",11.720,w290578015
TERTIAIRE,Route tertiaire,"","",11.585,w270900277
TERTIAIRE,Route tertiaire,"","",11.528,w301450997
TERTIAIRE,Route tertiaire,"","",11.514,w223060215
TERTIAIRE,Route tertiaire,"","",11.485,w262535645
TERTIAIRE,Route tertiaire,"","",11.466,w327712987
TERTIAIRE,Route tertiaire,"","",11.417,w269031020
TERTIAIRE,Route tertiaire,"","",11.405,w705947786
SECONDAIRE,Route secondaire,"","",11.356,w238360407
SECONDAIRE,Route secondaire,"","",11.216,w246573420
TERTIAIRE,Route tertiaire,"","",11.118,w907064707
SECONDAIRE,Route secondaire,"","",11.100,w497034166
TERTIAIRE,Route tertiaire,"","",11.041,w302026358
TERTIAIRE,Route tertiaire,"","",11.013,w305779813
TERTIAIRE,Route tertiaire,"","",10.791,w304938545
TERTIAIRE,Route tertiaire,"","",10.778,w302550873
TERTIAIRE,Route tertiaire,"","",10.728,w305042065
TERTIAIRE,Route tertiaire,"","",10.712,w331271108
TERTIAIRE,Route tertiaire,"","",10.700,w373067758
TERTIAIRE,Route tertiaire,"","",10.598,w1025456104
TERTIAIRE,Route tertiaire,"","",10.580,w790577735
TERTIAIRE,Route tertiaire,"",route de fadaköba,10.478,w542055051
TERTIAIRE,Route tertiaire,"","",10.412,w313018135
SECONDAIRE,Route secondaire,"","",10.368,w581401771
TERTIAIRE,Route tertiaire,"","",10.358,w304942056
TERTIAIRE,Route tertiaire,"","",10.273,w559892842
TERTIAIRE,Route tertiaire,"","",10.269,w304026277
TERTIAIRE,Route tertiaire,"","",10.198,w301719525
TERTIAIRE,Route tertiaire,"","",10.176,w398580882
TERTIAIRE,Route tertiaire,"","",10.164,w301282878
TERTIAIRE,Route tertiaire,"","",10.160,w287252137
TERTIAIRE,Route tertiaire,"","",10.048,w333477453
SECONDAIRE,Route secondaire,"","",9.999,w269963214
PRINCIPALE,Route primaire,"",A1,9.998,w868427779
TERTIAIRE,Route tertiaire,"","",9.961,w270900230
SECONDAIRE,Route secondaire,"","",9.861,w292979015
TERTIAIRE,Route tertiaire,"","",9.767,w273389160
TERTIAIRE,Route tertiaire,"",Sangaredi - Aye Koye,9.740,w569982411
TERTIAIRE,Route tertiaire,"","",9.689,w296968732
TERTIAIRE,Route tertiaire,"","",9.683,w304029840
TERTIAIRE,Route tertiaire,"","",9.670,w325590387
TERTIAIRE,Route tertiaire,"","",9.615,w274387055
SECONDAIRE,Route secondaire,"","",9.611,w480651830
TERTIAIRE,Route tertiaire,"","",9.598,w268705334
TERTIAIRE,Route tertiaire,"","",9.552,w912780896
PRINCIPALE,Route primaire,"",A1,9.485,w327607691
TERTIAIRE,Route tertiaire,"","",9.462,w213157794
TERTIAIRE,Route tertiaire,RN25,"",9.431,w246264395
TERTIAIRE,Route tertiaire,"","",9.428,w253759114
TERTIAIRE,Route tertiaire,"","",9.368,w331520026
TERTIAIRE,Route tertiaire,"","",9.351,w305114501
TERTIAIRE,Route tertiaire,"","",9.318,w253860388
TERTIAIRE,Route tertiaire,"","",9.248,w207823895
TERTIAIRE,Route tertiaire,"","",9.212,w304641641
TERTIAIRE,Route tertiaire,"","",9.071,w330562181
TERTIAIRE,Route tertiaire,"","",9.056,w313507912
TERTIAIRE,Route tertiaire,"","",9.011,w271185256
TERTIAIRE,Route tertiaire,"","",8.994,w268806300
TERTIAIRE,Route tertiaire,"","",8.921,w311501448
TERTIAIRE,Route tertiaire,"","",8.910,w331083800
TERTIAIRE,Route tertiaire,"","",8.863,w253759123
TERTIAIRE,Route tertiaire,"","",8.851,w301158760
SECONDAIRE,Route secondaire,"","",8.842,w272452818
TERTIAIRE,Route tertiaire,"","",8.829,w302561321
TERTIAIRE,Route tertiaire,"","",8.818,w271586605
SECONDAIRE,Route secondaire,"","",8.794,w270369418
TERTIAIRE,Route tertiaire,"","",8.778,w302321294
SECONDAIRE,Route secondaire,"","",8.775,w679473263
TERTIAIRE,Route tertiaire,"","",8.756,w1067713198
TERTIAIRE,Route tertiaire,"","",8.691,w269442360
TERTIAIRE,Route tertiaire,"","",8.649,w301886416
SECONDAIRE,Route secondaire,"","",8.649,w641727483
TERTIAIRE,Route tertiaire,"","",8.631,w330972069
TERTIAIRE,Route tertiaire,"","",8.626,w269442348
TERTIAIRE,Route tertiaire,"","",8.605,w305114503
TERTIAIRE,Route tertiaire,"","",8.566,w304938429
TERTIAIRE,Route tertiaire,"","",8.512,w270360382
TERTIAIRE,Route tertiaire,"","",8.460,w408977997
TERTIAIRE,Route tertiaire,"","",8.454,w327550761
TERTIAIRE,Route tertiaire,"","",8.411,w304790651
TERTIAIRE,Route tertiaire,"","",8.358,w311150607
TERTIAIRE,Route tertiaire,"","",8.311,w269940439
TERTIAIRE,Route tertiaire,"","",8.286,w303094768
TERTIAIRE,Route tertiaire,"","",8.259,w246573891
TERTIAIRE,Route tertiaire,"","",8.212,w247175329
TERTIAIRE,Route tertiaire,"","",8.180,w328441184
TERTIAIRE,Route tertiaire,"","",8.179,w329036280
TERTIAIRE,Route tertiaire,"","",8.160,w329742943
TERTIAIRE,Route tertiaire,"","",8.155,w273389158
TERTIAIRE,Route tertiaire,"","",8.138,w272205830
SECONDAIRE,Route secondaire,"","",8.119,w246573422
TERTIAIRE,Route tertiaire,"","",8.027,w207829591
SECONDAIRE,Route secondaire,"","",7.966,w271115782
TERTIAIRE,Route tertiaire,"","",7.954,w435287305
TERTIAIRE,Route tertiaire,"","",7.952,w38896090
TERTIAIRE,Route tertiaire,"","",7.945,w271738871
TERTIAIRE,Route tertiaire,"","",7.918,w686852302
TERTIAIRE,Route tertiaire,"","",7.872,w660483910
TERTIAIRE,Route tertiaire,"","",7.853,w273760194
TERTIAIRE,Route tertiaire,"","",7.846,w328025082
TERTIAIRE,Route tertiaire,"","",7.819,w302549041
TERTIAIRE,Route tertiaire,"","",7.778,w301282901
TERTIAIRE,Route tertiaire,"","",7.731,w688272024
TERTIAIRE,Route tertiaire,"","",7.725,w273339626
TERTIAIRE,Route tertiaire,"","",7.704,w269674629
SECONDAIRE,Route secondaire,"","",7.644,w497034164
TERTIAIRE,Route tertiaire,"","",7.586,w296994368
TERTIAIRE,Route tertiaire,"","",7.493,w398759881
TERTIAIRE,Route tertiaire,"","",7.491,w302561329
TERTIAIRE,Route tertiaire,"","",7.443,w331089429
TERTIAIRE,Route tertiaire,"","",7.435,w328649912
TERTIAIRE,Route tertiaire,"","",7.379,w271662437
TERTIAIRE,Route tertiaire,"","",7.318,w296968734
TERTIAIRE,Route tertiaire,"","",7.313,w274151625
TERTIAIRE,Route tertiaire,"","",7.312,w300380671
TERTIAIRE,Route tertiaire,"","",7.272,w296968744
TERTIAIRE,Route tertiaire,"","",7.232,w338342621
TERTIAIRE,Route tertiaire,"","",7.191,w246573424
TERTIAIRE,Route tertiaire,"","",7.186,w238478701
TERTIAIRE,Route tertiaire,"","",7.138,w296994366
TERTIAIRE,Route tertiaire,"","",7.122,w675123558
TERTIAIRE,Route tertiaire,"","",7.091,w300610990
SECONDAIRE,Route secondaire,"","",7.091,w307909914
PRINCIPALE,Route primaire,"","",6.992,w685847309
PRINCIPALE,Route primaire,"",A1,6.973,w327591818
PRINCIPALE,Route primaire,"",Ganta - Sanniquellie,6.937,w306164045
TERTIAIRE,Route tertiaire,"","",6.936,w270368422
TERTIAIRE,Route tertiaire,"","",6.932,w329359143
SECONDAIRE,Route secondaire,"","",6.873,w247166947
TERTIAIRE,Route tertiaire,"","",6.839,w269472727
TERTIAIRE,Route tertiaire,"","",6.762,w304025052
TERTIAIRE,Route tertiaire,"","",6.700,w238478702
TERTIAIRE,Route tertiaire,"","",6.694,w270799456
TERTIAIRE,Route tertiaire,"","",6.691,w797056760
SECONDAIRE,Route secondaire,"","",6.683,w689667374
TERTIAIRE,Route tertiaire,"","",6.656,w302321295
TERTIAIRE,Route tertiaire,"","",6.645,w510331464
SECONDAIRE,Route secondaire,"","",6.632,w273088038
TERTIAIRE,Route tertiaire,"","",6.542,w270425523
TERTIAIRE,Route tertiaire,"","",6.538,w296969628
TERTIAIRE,Route tertiaire,"","",6.530,w300352077
TERTIAIRE,Route tertiaire,"","",6.517,w272663314
TERTIAIRE,Route tertiaire,"","",6.494,w304937440
TERTIAIRE,Route tertiaire,"","",6.472,w306179305
TERTIAIRE,Route tertiaire,"","",6.458,w207825676
TERTIAIRE,Route tertiaire,"","",6.452,w674978187
TERTIAIRE,Route tertiaire,"","",6.447,w270705901
TERTIAIRE,Route tertiaire,"","",6.403,w325590400
TERTIAIRE,Route tertiaire,"","",6.363,w304942258
TERTIAIRE,Route tertiaire,"","",6.348,w660499982
TERTIAIRE,Route tertiaire,"","",6.342,w778236020
TERTIAIRE,Route tertiaire,"","",6.333,w219780182
TERTIAIRE,Route tertiaire,"","",6.300,w399530236
TERTIAIRE,Route tertiaire,"","",6.288,w296994361
SECONDAIRE,Route secondaire,"","",6.246,w311045992
SECONDAIRE,Route secondaire,"","",6.209,w689657182
PRINCIPALE,Route primaire,A8,Lola - Danané,6.182,w701666275
TERTIAIRE,Route tertiaire,"","",6.174,w302450722
TERTIAIRE,Route tertiaire,"","",6.174,w194821959
TERTIAIRE,Route tertiaire,"",C existant,6.172,w1098267971
TERTIAIRE,Route tertiaire,"","",6.133,w1010055560
TERTIAIRE,Route tertiaire,"","",6.120,w1003674696
TERTIAIRE,Route tertiaire,"","",6.104,w304935185
TERTIAIRE,Route tertiaire,"","",6.074,w328268149
TERTIAIRE,Route tertiaire,"","",6.070,w331803304
TERTIAIRE,Route tertiaire,"","",6.062,w302751606
SECONDAIRE,Route secondaire,"","",6.052,w308611497
TERTIAIRE,Route tertiaire,"","",6.052,w251658609
TERTIAIRE,Route tertiaire,"","",6.042,w310943469
SECONDAIRE,Route secondaire,"","",6.023,w272602677
SECONDAIRE,Route secondaire,"","",5.995,w236941830
TERTIAIRE,Route tertiaire,"","",5.967,w686753549
SECONDAIRE,Route secondaire,"","",5.944,w271420575
TERTIAIRE,Route tertiaire,"","",5.944,w331089443
TERTIAIRE,Route tertiaire,"","",5.927,w496780761
TERTIAIRE,Route tertiaire,"","",5.923,w301719523
SECONDAIRE,Route secondaire,"","",5.911,w689644341
TERTIAIRE,Route tertiaire,"","",5.894,w328463405
TERTIAIRE,Route tertiaire,"","",5.893,w296989658
SECONDAIRE,Route secondaire,"","",5.889,w409562818
TERTIAIRE,Route tertiaire,"","",5.885,w400335429
TERTIAIRE,Route tertiaire,"","",5.881,w304936553
TERTIAIRE,Route tertiaire,"","",5.877,w328025076
SECONDAIRE,Route secondaire,"","",5.872,w311045997
TERTIAIRE,Route tertiaire,"","",5.870,w325570854
TERTIAIRE,Route tertiaire,"","",5.861,w302570494
TERTIAIRE,Route tertiaire,"","",5.853,w330727510
TERTIAIRE,Route tertiaire,"","",5.852,w686890937
TERTIAIRE,Route tertiaire,"","",5.849,w244795184
TERTIAIRE,Route tertiaire,"","",5.819,w909144392
TERTIAIRE,Route tertiaire,"","",5.818,w236711077
TERTIAIRE,Route tertiaire,"","",5.781,w271215972
TERTIAIRE,Route tertiaire,"","",5.762,w270368432
TERTIAIRE,Route tertiaire,"","",5.757,w398754391
SECONDAIRE,Route secondaire,"","",5.755,w1123105288
TERTIAIRE,Route tertiaire,"","",5.753,w300408768
TERTIAIRE,Route tertiaire,"","",5.727,w303091624
TERTIAIRE,Route tertiaire,"","",5.671,w686635119
TERTIAIRE,Route tertiaire,"","",5.665,w304025045
TERTIAIRE,Route tertiaire,"","",5.656,w329184464
TERTIAIRE,Route tertiaire,"","",5.652,w302561323
TERTIAIRE,Route tertiaire,"","",5.652,w301719524
TERTIAIRE,Route tertiaire,"","",5.647,w489453497
TERTIAIRE,Route tertiaire,"","",5.632,w400335219
TERTIAIRE,Route tertiaire,"","",5.620,w274151641
TERTIAIRE,Route tertiaire,"","",5.604,w303091630
TERTIAIRE,Route tertiaire,"","",5.591,w301165678
TERTIAIRE,Route tertiaire,"","",5.582,w274445909
TERTIAIRE,Route tertiaire,"","",5.574,w746143010
SECONDAIRE,Route secondaire,"","",5.568,w689929766
TERTIAIRE,Route tertiaire,"","",5.564,w207828880
SECONDAIRE,Route secondaire,"","",5.537,w312734128
TERTIAIRE,Route tertiaire,"","",5.535,w398772687
TERTIAIRE,Route tertiaire,"","",5.527,w269057378
VOIE_RAPIDE,Voie rapide,RN5,"",5.502,w213558852
TERTIAIRE,Route tertiaire,"","",5.415,w331907884
TERTIAIRE,Route tertiaire,"","",5.406,w339466341
TERTIAIRE,Route tertiaire,"","",5.403,w330855172
TERTIAIRE,Route tertiaire,"","",5.402,w213577002
TERTIAIRE,Route tertiaire,"","",5.399,w273389152
TERTIAIRE,Route tertiaire,"","",5.398,w246573446
TERTIAIRE,Route tertiaire,"","",5.392,w674978180
PRINCIPALE,Route primaire,"","",5.386,w225647834
VOIE_RAPIDE,Voie rapide,"","",5.375,w174100912
TERTIAIRE,Route tertiaire,"","",5.347,w911475156
TERTIAIRE,Route tertiaire,"","",5.347,w498340769
TERTIAIRE,Route tertiaire,"","",5.328,w327645778
SECONDAIRE,Route secondaire,"","",5.321,w571738978
PRINCIPALE,Route primaire,"","",5.321,w554306708
TERTIAIRE,Route tertiaire,"","",5.315,w272511913
TERTIAIRE,Route tertiaire,"","",5.313,w332467169
TERTIAIRE,Route tertiaire,"","",5.253,w330972106
TERTIAIRE,Route tertiaire,"","",5.226,w268899733
TERTIAIRE,Route tertiaire,"","",5.222,w238471924
TERTIAIRE,Route tertiaire,"","",5.205,w304526929
SECONDAIRE,Route secondaire,"","",5.189,w253855884
TERTIAIRE,Route tertiaire,"","",5.189,w186039547
TERTIAIRE,Route tertiaire,"","",5.180,w253669713
SECONDAIRE,Route secondaire,"","",5.162,w270249194
TERTIAIRE,Route tertiaire,"","",5.149,w253565787
SECONDAIRE,Route secondaire,"","",5.135,w679499245
TERTIAIRE,Route tertiaire,"","",5.129,w247175353
TERTIAIRE,Route tertiaire,"","",5.111,w305781529
PRINCIPALE,Route primaire,"","",5.106,w643145254
TERTIAIRE,Route tertiaire,"","",5.103,w996186167
TERTIAIRE,Route tertiaire,"","",5.053,w271864013
TERTIAIRE,Route tertiaire,"","",5.049,w305045859
SECONDAIRE,Route secondaire,"","",5.044,w496950278
TERTIAIRE,Route tertiaire,"","",5.043,w271593816
TERTIAIRE,Route tertiaire,"","",5.036,w223428490
SECONDAIRE,Route secondaire,"","",5.033,w940691232
TERTIAIRE,Route tertiaire,"","",5.012,w269102927
SECONDAIRE,Route secondaire,"","",5.011,w488037040
SECONDAIRE,Route secondaire,"","",4.990,w269031027
SECONDAIRE,Route secondaire,"","",4.961,w304613914
SECONDAIRE,Route secondaire,"","",4.937,w301456599
TERTIAIRE,Route tertiaire,"","",4.937,w331316992
TERTIAIRE,Route tertiaire,"","",4.916,w304024483
TERTIAIRE,Route tertiaire,"","",4.849,w296994359
TERTIAIRE,Route tertiaire,"","",4.840,w271662431
TERTIAIRE,Route tertiaire,"","",4.818,w238401070
SECONDAIRE,Route secondaire,"","",4.779,w213577001
TERTIAIRE,Route tertiaire,"","",4.753,w660460945
TERTIAIRE,Route tertiaire,"","",4.745,w269674632
TERTIAIRE,Route tertiaire,"","",4.723,w330691983
TERTIAIRE,Route tertiaire,"","",4.690,w302751600
SECONDAIRE,Route secondaire,"","",4.677,w191149671
SECONDAIRE,Route secondaire,"","",4.675,w253855873
TERTIAIRE,Route tertiaire,"","",4.671,w304937438
TERTIAIRE,Route tertiaire,"","",4.645,w305042058
TERTIAIRE,Route tertiaire,"","",4.603,w269674630
SECONDAIRE,Route secondaire,"","",4.597,w953830056
TERTIAIRE,Route tertiaire,"","",4.582,w496780763
TERTIAIRE,Route tertiaire,"","",4.579,w269442362
TERTIAIRE,Route tertiaire,"",Sangaredi - Aye Koye,4.578,w686007616
TERTIAIRE,Route tertiaire,"","",4.577,w211866771
TERTIAIRE,Route tertiaire,"","",4.576,w329510853
TERTIAIRE,Route tertiaire,"","",4.564,w251658613
TERTIAIRE,Route tertiaire,"","",4.562,w304943830
TERTIAIRE,Route tertiaire,"","",4.546,w305548806
TERTIAIRE,Route tertiaire,"","",4.475,w205152432
TERTIAIRE,Route tertiaire,"","",4.455,w304029858
TERTIAIRE,Route tertiaire,"","",4.414,w269674628
TERTIAIRE,Route tertiaire,"","",4.401,w304942073
TERTIAIRE,Route tertiaire,"","",4.379,w300369852
SECONDAIRE,Route secondaire,"","",4.349,w314329194
TERTIAIRE,Route tertiaire,"","",4.344,w328836895
SECONDAIRE,Route secondaire,"","",4.327,w271722542
TERTIAIRE,Route tertiaire,"","",4.268,w1006138109
TERTIAIRE,Route tertiaire,"","",4.262,w408960789
TERTIAIRE,Route tertiaire,"","",4.259,w1008413754
TERTIAIRE,Route tertiaire,"","",4.232,w283104932
TERTIAIRE,Route tertiaire,"","",4.199,w300611021
SECONDAIRE,Route secondaire,"","",4.188,w272602679
TERTIAIRE,Route tertiaire,"","",4.188,w273389159
TERTIAIRE,Route tertiaire,"","",4.175,w330992847
TERTIAIRE,Route tertiaire,"","",4.169,w631029898
SECONDAIRE,Route secondaire,"","",4.152,w412848498
TERTIAIRE,Route tertiaire,"","",4.146,w270402398
TERTIAIRE,Route tertiaire,"","",4.144,w270021837
TERTIAIRE,Route tertiaire,"","",4.130,w333537159
TERTIAIRE,Route tertiaire,"","",4.118,w302317305
TERTIAIRE,Route tertiaire,"","",4.111,w398619220
TERTIAIRE,Route tertiaire,"","",4.089,w333477744
TERTIAIRE,Route tertiaire,"","",4.081,w400810538
SECONDAIRE,Route secondaire,"","",4.067,w272093568
TERTIAIRE,Route tertiaire,"","",4.052,w253759129
TERTIAIRE,Route tertiaire,"","",4.041,w296994379
TERTIAIRE,Route tertiaire,"","",4.016,w296969151
TERTIAIRE,Route tertiaire,"","",4.010,w630574502
TERTIAIRE,Route tertiaire,"","",3.980,w304935171
TERTIAIRE,Route tertiaire,"","",3.973,w681988560
SECONDAIRE,Route secondaire,"","",3.969,w269512732
TERTIAIRE,Route tertiaire,"","",3.939,w263437949
TERTIAIRE,Route tertiaire,"","",3.901,w247175335
TERTIAIRE,Route tertiaire,"","",3.901,w296971642
TERTIAIRE,Route tertiaire,"","",3.894,w334252610
TERTIAIRE,Route tertiaire,"","",3.888,w626651694
TERTIAIRE,Route tertiaire,"","",3.888,w270625041
TERTIAIRE,Route tertiaire,"","",3.882,w486208956
TERTIAIRE,Route tertiaire,"","",3.881,w203132816
SECONDAIRE,Route secondaire,"","",3.879,w191148457
SECONDAIRE,Route secondaire,"","",3.849,w488043611
TERTIAIRE,Route tertiaire,"","",3.803,w701261467
TERTIAIRE,Route tertiaire,"","",3.802,w311382541
TERTIAIRE,Route tertiaire,"","",3.798,w400842355
TERTIAIRE,Route tertiaire,"","",3.789,w302358610
SECONDAIRE,Route secondaire,"","",3.780,w241959261
TERTIAIRE,Route tertiaire,"","",3.775,w339785353
TERTIAIRE,Route tertiaire,"","",3.764,w269940437
TERTIAIRE,Route tertiaire,"","",3.724,w246262206
TERTIAIRE,Route tertiaire,"","",3.712,w313018133
TERTIAIRE,Route tertiaire,"","",3.709,w339466375
TERTIAIRE,Route tertiaire,"","",3.707,w304752456
TERTIAIRE,Route tertiaire,"","",3.707,w274188435
TERTIAIRE,Route tertiaire,"","",3.707,w205152437
TERTIAIRE,Route tertiaire,"","",3.704,w273384864
SECONDAIRE,Route secondaire,"","",3.698,w697164955
TERTIAIRE,Route tertiaire,"","",3.693,w335710415
TERTIAIRE,Route tertiaire,"","",3.691,w247171627
TERTIAIRE,Route tertiaire,"","",3.686,w302321296
TERTIAIRE,Route tertiaire,"","",3.675,w301158763
TERTIAIRE,Route tertiaire,"","",3.674,w800950250
TERTIAIRE,Route tertiaire,"","",3.668,w247171608
TERTIAIRE,Route tertiaire,"","",3.662,w271900621
TERTIAIRE,Route tertiaire,"","",3.624,w205152435
TERTIAIRE,Route tertiaire,"","",3.618,w273339618
SECONDAIRE,Route secondaire,T3,Transversal 3,3.604,w38632575
SECONDAIRE,Route secondaire,"","",3.603,w690172953
SECONDAIRE,Route secondaire,"","",3.591,w496950276
TERTIAIRE,Route tertiaire,"","",3.587,w301165670
TERTIAIRE,Route tertiaire,"","",3.584,w305114511
TERTIAIRE,Route tertiaire,"","",3.583,w940589964
TERTIAIRE,Route tertiaire,"","",3.582,w303473715
TERTIAIRE,Route tertiaire,"","",3.580,w334483182
SECONDAIRE,Route secondaire,"","",3.573,w253759112
TERTIAIRE,Route tertiaire,"","",3.565,w273328769
TERTIAIRE,Route tertiaire,"","",3.557,w289382378
TERTIAIRE,Route tertiaire,"","",3.552,w330681074
TERTIAIRE,Route tertiaire,"","",3.545,w400823400
TERTIAIRE,Route tertiaire,"","",3.501,w329358677
TERTIAIRE,Route tertiaire,"","",3.491,w304943884
TERTIAIRE,Route tertiaire,"","",3.484,w325590396
TERTIAIRE,Route tertiaire,"","",3.472,w331443531
TERTIAIRE,Route tertiaire,"","",3.469,w302359027
TERTIAIRE,Route tertiaire,"","",3.464,w329003193
TERTIAIRE,Route tertiaire,"","",3.451,w328025078
TERTIAIRE,Route tertiaire,"","",3.450,w314450840
TERTIAIRE,Route tertiaire,"","",3.438,w328645903
TERTIAIRE,Route tertiaire,"","",3.437,w327664641
TERTIAIRE,Route tertiaire,"","",3.436,w398618361
TERTIAIRE,Route tertiaire,"","",3.429,w687365802
TERTIAIRE,Route tertiaire,"","",3.424,w269674626
TERTIAIRE,Route tertiaire,"","",3.424,w644594197
TERTIAIRE,Route tertiaire,"","",3.417,w300369855
TERTIAIRE,Route tertiaire,"","",3.416,w332513136
TERTIAIRE,Route tertiaire,"","",3.415,w271040491
TERTIAIRE,Route tertiaire,"","",3.405,w268806293
TERTIAIRE,Route tertiaire,"","",3.388,w331337463
TERTIAIRE,Route tertiaire,"","",3.376,w253759099
TERTIAIRE,Route tertiaire,"","",3.370,w327664640
TERTIAIRE,Route tertiaire,"","",3.343,w330972112
TERTIAIRE,Route tertiaire,"","",3.341,w398620184
TERTIAIRE,Route tertiaire,"","",3.338,w328816895
TERTIAIRE,Route tertiaire,"","",3.330,w310939946
SECONDAIRE,Route secondaire,"","",3.315,w689638213
TERTIAIRE,Route tertiaire,"","",3.314,w242906768
PRINCIPALE,Route primaire,"",Autoroute le Prince,3.302,w140686339
PRINCIPALE,Route primaire,"",Autoroute le Prince,3.299,w38634841
TERTIAIRE,Route tertiaire,"","",3.289,w298160065
TERTIAIRE,Route tertiaire,"","",3.286,w328025081
TERTIAIRE,Route tertiaire,"","",3.282,w297360205
SECONDAIRE,Route secondaire,"","",3.266,w1066498410
TERTIAIRE,Route tertiaire,"","",3.227,w340086808
TERTIAIRE,Route tertiaire,"","",3.167,w273339631
SECONDAIRE,Route secondaire,"","",3.139,w300409241
TERTIAIRE,Route tertiaire,"","",3.117,w631131666
TERTIAIRE,Route tertiaire,"","",3.113,w561114996
TERTIAIRE,Route tertiaire,"","",3.097,w496723242
TERTIAIRE,Route tertiaire,"","",3.095,w328423649
PRINCIPALE,Route primaire,"",Autoroute le Prince,3.086,w38635712
TERTIAIRE,Route tertiaire,"","",3.082,w330992872
TERTIAIRE,Route tertiaire,"","",3.080,w305548742
PRINCIPALE,Route primaire,"",Autoroute le Prince,3.078,w140786785
TERTIAIRE,Route tertiaire,"","",3.077,w329039665
TERTIAIRE,Route tertiaire,"","",3.069,w311154095
TERTIAIRE,Route tertiaire,"","",3.067,w274151624
TERTIAIRE,Route tertiaire,"","",3.067,w331314919
TERTIAIRE,Route tertiaire,"","",3.061,w209124877
TERTIAIRE,Route tertiaire,"","",3.053,w201309331
TERTIAIRE,Route tertiaire,"","",3.042,w271864008
TERTIAIRE,Route tertiaire,"",Transversale 9,3.039,w272257534
TERTIAIRE,Route tertiaire,"","",3.034,w330327142
TERTIAIRE,Route tertiaire,"","",3.034,w303335801
TERTIAIRE,Route tertiaire,"","",3.025,w270401730
SECONDAIRE,Route secondaire,"",Transversal 2,3.023,w38652137
PRINCIPALE,Route primaire,"",Ganta - Sanniquellie,2.999,w495261627
TERTIAIRE,Route tertiaire,"","",2.996,w327874384
TERTIAIRE,Route tertiaire,"","",2.996,w300380668
TERTIAIRE,Route tertiaire,"","",2.992,w247175349
TERTIAIRE,Route tertiaire,"","",2.990,w303335797
PRINCIPALE,Route primaire,"",Transversale 7,2.989,w505428166
TERTIAIRE,Route tertiaire,"","",2.984,w305045856
TERTIAIRE,Route tertiaire,"","",2.974,w273339632
TERTIAIRE,Route tertiaire,"","",2.973,w93285314
TERTIAIRE,Route tertiaire,"","",2.954,w273312945
SECONDAIRE,Route secondaire,"","",2.952,w272511889
TERTIAIRE,Route tertiaire,"","",2.947,w315756199
SECONDAIRE,Route secondaire,"","",2.934,w302468907
TERTIAIRE,Route tertiaire,"","",2.930,w268794018
SECONDAIRE,Route secondaire,"","",2.929,w191149673
TERTIAIRE,Route tertiaire,"","",2.927,w1010055550
TERTIAIRE,Route tertiaire,"","",2.924,w862995451
TERTIAIRE,Route tertiaire,"","",2.918,w417830467
TERTIAIRE,Route tertiaire,"","",2.900,w334483178
TERTIAIRE,Route tertiaire,"","",2.888,w314427605
TERTIAIRE,Route tertiaire,"","",2.877,w240902193
TERTIAIRE,Route tertiaire,"","",2.876,w302358573
TERTIAIRE,Route tertiaire,"","",2.870,w328398623
TERTIAIRE,Route tertiaire,"","",2.867,w302317299
TERTIAIRE,Route tertiaire,"","",2.866,w486208959
TERTIAIRE,Route tertiaire,"","",2.866,w302317295
TERTIAIRE,Route tertiaire,"","",2.859,w307801916
TERTIAIRE,Route tertiaire,"","",2.858,w686653472
TERTIAIRE,Route tertiaire,"","",2.846,w330301798
TERTIAIRE,Route tertiaire,"","",2.828,w906775185
TERTIAIRE,Route tertiaire,"","",2.826,w496723244
TERTIAIRE,Route tertiaire,"","",2.822,w141136857
SECONDAIRE,Route secondaire,"","",2.809,w571738977
TERTIAIRE,Route tertiaire,"","",2.805,w243101485
TERTIAIRE,Route tertiaire,"",Approximatif,2.799,w493970227
TERTIAIRE,Route tertiaire,"","",2.796,w302317294
TERTIAIRE,Route tertiaire,"","",2.777,w304938346
SECONDAIRE,Route secondaire,"","",2.767,w273328734
TERTIAIRE,Route tertiaire,"","",2.767,w330159792
TERTIAIRE,Route tertiaire,"","",2.753,w38652122
TERTIAIRE,Route tertiaire,"","",2.749,w274445944
TERTIAIRE,Route tertiaire,"","",2.741,w329359149
TERTIAIRE,Route tertiaire,"","",2.737,w254019851
TERTIAIRE,Route tertiaire,"","",2.734,w331803320
TERTIAIRE,Route tertiaire,"","",2.730,w330588747
TERTIAIRE,Route tertiaire,"","",2.711,w1013892685
TERTIAIRE,Route tertiaire,"","",2.703,w207828879
TERTIAIRE,Route tertiaire,"","",2.672,w311535871
PRINCIPALE,Route primaire,"",Autoroute le Prince,2.672,w140786771
PRINCIPALE,Route primaire,"",Autoroute le Prince,2.665,w140786767
TERTIAIRE,Route tertiaire,"","",2.642,w329039662
SECONDAIRE,Route secondaire,"","",2.633,w918610692
TERTIAIRE,Route tertiaire,"","",2.632,w667295845
SECONDAIRE,Route secondaire,"","",2.631,w302570505
SECONDAIRE,Route secondaire,"","",2.624,w690693510
TERTIAIRE,Route tertiaire,"","",2.624,w303331415
TERTIAIRE,Route tertiaire,"","",2.622,w340061455
TERTIAIRE,Route tertiaire,"","",2.622,w498340778
TERTIAIRE,Route tertiaire,"","",2.620,w548923581
TERTIAIRE,Route tertiaire,"","",2.611,w277548314
TERTIAIRE,Route tertiaire,"","",2.609,w408949043
TERTIAIRE,Route tertiaire,"","",2.592,w304942055
TERTIAIRE,Route tertiaire,"","",2.581,w333527302
TERTIAIRE,Route tertiaire,"","",2.564,w939984906
TERTIAIRE,Route tertiaire,"","",2.555,w339788701
TERTIAIRE,Route tertiaire,"","",2.541,w304935162
TERTIAIRE,Route tertiaire,"","",2.534,w301887883
TERTIAIRE,Route tertiaire,"","",2.529,w308549893
TERTIAIRE,Route tertiaire,"","",2.525,w329742956
SECONDAIRE,Route secondaire,"","",2.521,w488043613
SECONDAIRE,Route secondaire,"",Transversale 4,2.508,w264628220
TERTIAIRE,Route tertiaire,"","",2.504,w745899341
TERTIAIRE,Route tertiaire,"","",2.487,w301165666
TERTIAIRE,Route tertiaire,"","",2.465,w253759120
TERTIAIRE,Route tertiaire,"","",2.455,w1098878862
TERTIAIRE,Route tertiaire,"","",2.450,w668651647
TERTIAIRE,Route tertiaire,"","",2.446,w409891774
TERTIAIRE,Route tertiaire,"","",2.443,w291759197
TERTIAIRE,Route tertiaire,"","",2.432,w416981402
TERTIAIRE,Route tertiaire,"","",2.430,w184367134
TERTIAIRE,Route tertiaire,"","",2.425,w270244516
TERTIAIRE,Route tertiaire,"","",2.421,w1067878692
TERTIAIRE,Route tertiaire,"","",2.419,w1067897363
TERTIAIRE,Route tertiaire,"","",2.417,w304937516
TERTIAIRE,Route tertiaire,"","",2.413,w302358585
TERTIAIRE,Route tertiaire,"","",2.404,w305668780
TERTIAIRE,Route tertiaire,"","",2.403,w274445936
TERTIAIRE,Route tertiaire,"","",2.383,w274846473
TERTIAIRE,Route tertiaire,"","",2.380,w1000783739
TERTIAIRE,Route tertiaire,"","",2.380,w247175355
TERTIAIRE,Route tertiaire,"","",2.378,w331316982
TERTIAIRE,Route tertiaire,"","",2.375,w292376304
TERTIAIRE,Route tertiaire,"","",2.369,w686646031
TERTIAIRE,Route tertiaire,"","",2.368,w636551018
TERTIAIRE,Route tertiaire,"","",2.353,w244795182
TERTIAIRE,Route tertiaire,"","",2.348,w862993439
TERTIAIRE,Route tertiaire,"","",2.346,w292034480
TERTIAIRE,Route tertiaire,"","",2.345,w330301802
TERTIAIRE,Route tertiaire,"","",2.332,w635294648
TERTIAIRE,Route tertiaire,"","",2.328,w253759116
TERTIAIRE,Route tertiaire,"","",2.307,w687365810
SECONDAIRE,Route secondaire,"","",2.302,w571472185
TERTIAIRE,Route tertiaire,"","",2.291,w304029110
TERTIAIRE,Route tertiaire,"","",2.290,w296969166
TERTIAIRE,Route tertiaire,"","",2.275,w836406531
TERTIAIRE,Route tertiaire,"","",2.270,w330992870
TERTIAIRE,Route tertiaire,"","",2.261,w566748529
SECONDAIRE,Route secondaire,"","",2.258,w689720217
TERTIAIRE,Route tertiaire,"","",2.252,w269972081
TERTIAIRE,Route tertiaire,"","",2.248,w300369854
TERTIAIRE,Route tertiaire,"","",2.243,w646932934
TERTIAIRE,Route tertiaire,"","",2.240,w650306324
SECONDAIRE,Route secondaire,"","",2.233,w272028680
TERTIAIRE,Route tertiaire,"","",2.224,w329358699
PRINCIPALE,Route primaire,"","",2.215,w1039670651
TERTIAIRE,Route tertiaire,"","",2.213,w438165888
TERTIAIRE,Route tertiaire,"","",2.207,w492790755
SECONDAIRE,Route secondaire,"",Transversale 6,2.203,w217573317
TERTIAIRE,Route tertiaire,"","",2.200,w246573896
TERTIAIRE,Route tertiaire,"","",2.192,w703937762
PRINCIPALE,Route primaire,"",Autoroute le Prince,2.186,w690247429
TERTIAIRE,Route tertiaire,"","",2.179,w94781465
PRINCIPALE,Route primaire,"",Autoroute le Prince,2.178,w690247428
TERTIAIRE,Route tertiaire,"","",2.177,w302355637
TERTIAIRE,Route tertiaire,"","",2.172,w668080948
TERTIAIRE,Route tertiaire,"","",2.163,w638279365
TERTIAIRE,Route tertiaire,"","",2.162,w272511802
TERTIAIRE,Route tertiaire,"","",2.159,w302883268
TERTIAIRE,Route tertiaire,"","",2.157,w489947270
TERTIAIRE,Route tertiaire,"","",2.157,w686584285
TERTIAIRE,Route tertiaire,"","",2.156,w263548167
TERTIAIRE,Route tertiaire,"","",2.153,w269511146
TERTIAIRE,Route tertiaire,"","",2.144,w246571537
TERTIAIRE,Route tertiaire,"","",2.144,w270392555
PRINCIPALE,Route primaire,"","",2.142,w552012447
TERTIAIRE,Route tertiaire,"","",2.130,w272511900
TERTIAIRE,Route tertiaire,"","",2.122,w304026273
TERTIAIRE,Route tertiaire,"","",2.110,w273328731
PRINCIPALE,Route primaire,"","",2.106,w180110593
TERTIAIRE,Route tertiaire,"","",2.104,w304942054
TERTIAIRE,Route tertiaire,"","",2.104,w678889672
SECONDAIRE,Route secondaire,"","",2.103,w398614434
TERTIAIRE,Route tertiaire,"","",2.098,w791318124
TERTIAIRE,Route tertiaire,"","",2.094,w271261202
TERTIAIRE,Route tertiaire,"","",2.083,w271213525
TERTIAIRE,Route tertiaire,"",Transversale 7,2.081,w217751227
TERTIAIRE,Route tertiaire,"","",2.077,w207825932
TERTIAIRE,Route tertiaire,"",Transversale 8,2.075,w141136859
TERTIAIRE,Route tertiaire,"","",2.071,w114625676
TERTIAIRE,Route tertiaire,"","",2.059,w489453495
TERTIAIRE,Route tertiaire,"","",2.056,w305499382
TERTIAIRE,Route tertiaire,"","",2.052,w486208964
TERTIAIRE,Route tertiaire,"","",2.047,w304937439
TERTIAIRE,Route tertiaire,"","",2.042,w217663494
TERTIAIRE,Route tertiaire,"","",2.031,w400335437
TERTIAIRE,Route tertiaire,"","",2.014,w497955006
TERTIAIRE,Route tertiaire,"","",2.012,w330301792
PRINCIPALE,Route primaire,"","",2.002,w335055647
TERTIAIRE,Route tertiaire,"","",2.001,w327563988
TERTIAIRE,Route tertiaire,"","",2.001,w305459075
TERTIAIRE,Route tertiaire,"","",2.000,w636335139
TERTIAIRE,Route tertiaire,"","",1.979,w862999563
TERTIAIRE,Route tertiaire,"","",1.975,w327757510
TERTIAIRE,Route tertiaire,"","",1.968,w270254189
TERTIAIRE,Route tertiaire,"","",1.967,w269106467
TERTIAIRE,Route tertiaire,"","",1.963,w686844425
TERTIAIRE,Route tertiaire,"","",1.962,w314288555
TERTIAIRE,Route tertiaire,"","",1.927,w331083798
PRINCIPALE,Route primaire,"","",1.921,w501080566
TERTIAIRE,Route tertiaire,"","",1.919,w686653474
TERTIAIRE,Route tertiaire,"","",1.913,w305779851
SECONDAIRE,Route secondaire,"","",1.912,w270874027
SECONDAIRE,Route secondaire,"","",1.903,w571787267
TERTIAIRE,Route tertiaire,"","",1.903,w647828814
TERTIAIRE,Route tertiaire,"","",1.901,w268775993
SECONDAIRE,Route secondaire,"","",1.892,w629123207
TERTIAIRE,Route tertiaire,"","",1.890,w39508538
TERTIAIRE,Route tertiaire,"","",1.883,w328346528
TERTIAIRE,Route tertiaire,"","",1.880,w296994358
PRINCIPALE,Route primaire,"","",1.862,w269783545
TERTIAIRE,Route tertiaire,"","",1.859,w730153450
TERTIAIRE,Route tertiaire,"","",1.847,w328864716
TERTIAIRE,Route tertiaire,"","",1.846,w274151671
TERTIAIRE,Route tertiaire,"","",1.837,w272922392
TERTIAIRE,Route tertiaire,"","",1.833,w302317316
SECONDAIRE,Route secondaire,"","",1.832,w688877182
TERTIAIRE,Route tertiaire,"","",1.832,w330247197
SECONDAIRE,Route secondaire,"","",1.830,w253976204
TERTIAIRE,Route tertiaire,"","",1.823,w272511810
TERTIAIRE,Route tertiaire,"","",1.817,w301165669
PRINCIPALE,Route primaire,"","",1.791,w967929869
TERTIAIRE,Route tertiaire,"","",1.784,w667295835
TERTIAIRE,Route tertiaire,"","",1.784,w705780550
SECONDAIRE,Route secondaire,"","",1.781,w571751101
TERTIAIRE,Route tertiaire,"","",1.778,w693122446
TERTIAIRE,Route tertiaire,"","",1.777,w486208934
TERTIAIRE,Route tertiaire,"","",1.772,w644606386
TERTIAIRE,Route tertiaire,"","",1.770,w268778691
TERTIAIRE,Route tertiaire,"","",1.767,w94781327
TERTIAIRE,Route tertiaire,"","",1.758,w272511808
TERTIAIRE,Route tertiaire,"","",1.757,w398759898
SECONDAIRE,Route secondaire,"","",1.756,w496950272
PRINCIPALE,Route primaire,"",Autoroute le Prince,1.756,w690226866
PRINCIPALE,Route primaire,"",Autoroute le Prince,1.754,w140786778
TERTIAIRE,Route tertiaire,"","",1.754,w210979932
TERTIAIRE,Route tertiaire,"","",1.752,w270119949
PRINCIPALE,Route primaire,"",Autoroute le Prince,1.747,w140786780
PRINCIPALE,Route primaire,"",Autoroute le Prince,1.747,w140786773
TERTIAIRE,Route tertiaire,"","",1.745,w269962976
TERTIAIRE,Route tertiaire,"","",1.730,w701261478
TERTIAIRE,Route tertiaire,"","",1.728,w440987380
TERTIAIRE,Route tertiaire,"","",1.726,w302319885
SECONDAIRE,Route secondaire,"",transvervale 5,1.725,w548598618
TERTIAIRE,Route tertiaire,"","",1.721,w308549868
SECONDAIRE,Route secondaire,"",transvervale 5,1.721,w270700703
TERTIAIRE,Route tertiaire,"","",1.710,w305114500
TERTIAIRE,Route tertiaire,"","",1.710,w264392024
TERTIAIRE,Route tertiaire,"","",1.709,w274151663
PRINCIPALE,Route primaire,"",Autoroute le Prince,1.702,w140686345
TERTIAIRE,Route tertiaire,"","",1.699,w304942259
PRINCIPALE,Route primaire,"","",1.697,w269783541
PRINCIPALE,Route primaire,"",Autoroute le Prince,1.696,w140686349
PRINCIPALE,Route primaire,"","",1.695,w268843204
PRINCIPALE,Route primaire,"","",1.688,w650332013
TERTIAIRE,Route tertiaire,"","",1.683,w305548788
TERTIAIRE,Route tertiaire,"","",1.681,w304024480
TERTIAIRE,Route tertiaire,"","",1.677,w498540358
TERTIAIRE,Route tertiaire,"","",1.676,w314288558
TERTIAIRE,Route tertiaire,"","",1.673,w300380656
SECONDAIRE,Route secondaire,"","",1.663,w270249195
TERTIAIRE,Route tertiaire,"","",1.661,w268858979
PRINCIPALE,Route primaire,"","",1.660,w501080569
TERTIAIRE,Route tertiaire,"","",1.651,w667295833
TERTIAIRE,Route tertiaire,"",Rue RO. 124,1.650,w39441465
TERTIAIRE,Route tertiaire,"","",1.650,w339412763
TERTIAIRE,Route tertiaire,"","",1.646,w667295847
TERTIAIRE,Route tertiaire,"","",1.643,w302317297
TERTIAIRE,Route tertiaire,"","",1.623,w502998927
TERTIAIRE,Route tertiaire,"","",1.621,w667295844
TERTIAIRE,Route tertiaire,"","",1.598,w514036359
TERTIAIRE,Route tertiaire,"","",1.597,w304942074
PRINCIPALE,Route primaire,"","",1.592,w271970122
TERTIAIRE,Route tertiaire,"",Rue RO. 064,1.587,w52003821
TERTIAIRE,Route tertiaire,"","",1.587,w328659982
TERTIAIRE,Route tertiaire,"","",1.571,w330159797
TERTIAIRE,Route tertiaire,"","",1.571,w686007621
PRINCIPALE,Route primaire,"","",1.569,w273060265
SECONDAIRE,Route secondaire,"","",1.558,w311045990
TERTIAIRE,Route tertiaire,"","",1.557,w304026276
TERTIAIRE,Route tertiaire,"","",1.553,w400823403
TERTIAIRE,Route tertiaire,"","",1.551,w340258275
TERTIAIRE,Route tertiaire,"","",1.543,w400338888
PRINCIPALE,Route primaire,"","",1.539,w39451032
SECONDAIRE,Route secondaire,"","",1.538,w273328712
TERTIAIRE,Route tertiaire,"","",1.534,w940371771
TERTIAIRE,Route tertiaire,"","",1.528,w331459473
TERTIAIRE,Route tertiaire,"","",1.526,w225083489
TERTIAIRE,Route tertiaire,"","",1.521,w398759891
TERTIAIRE,Route tertiaire,"","",1.514,w270200703
TERTIAIRE,Route tertiaire,"","",1.514,w687486247
TERTIAIRE,Route tertiaire,"","",1.512,w312344433
TERTIAIRE,Route tertiaire,"","",1.502,w1098878860
TERTIAIRE,Route tertiaire,"","",1.502,w331337458
TERTIAIRE,Route tertiaire,"","",1.502,w315752030
TERTIAIRE,Route tertiaire,"","",1.499,w328845147
TERTIAIRE,Route tertiaire,"","",1.495,w270909333
SECONDAIRE,Route secondaire,"","",1.479,w303341730
PRINCIPALE,Route primaire,"","",1.467,w501081900
TERTIAIRE,Route tertiaire,"","",1.467,w314288556
TERTIAIRE,Route tertiaire,"","",1.466,w486208947
TERTIAIRE,Route tertiaire,"",Rue RO. 236,1.465,w93285063
TERTIAIRE,Route tertiaire,"","",1.461,w330992868
TERTIAIRE,Route tertiaire,"","",1.444,w398619457
TERTIAIRE,Route tertiaire,"","",1.441,w330376720
TERTIAIRE,Route tertiaire,"","",1.441,w253759115
TERTIAIRE,Route tertiaire,"","",1.433,w880052301
TERTIAIRE,Route tertiaire,"","",1.418,w181552944
TERTIAIRE,Route tertiaire,"","",1.417,w744703432
TERTIAIRE,Route tertiaire,"","",1.406,w1020786203
TERTIAIRE,Route tertiaire,"","",1.406,w304938032
TERTIAIRE,Route tertiaire,"","",1.404,w300611012
SECONDAIRE,Route secondaire,"","",1.402,w488046519
TERTIAIRE,Route tertiaire,"","",1.390,w304029124
TERTIAIRE,Route tertiaire,"","",1.388,w703396849
TERTIAIRE,Route tertiaire,"","",1.371,w292030076
TERTIAIRE,Route tertiaire,"","",1.368,w328398621
TERTIAIRE,Route tertiaire,"","",1.363,w305326904
TERTIAIRE,Route tertiaire,"","",1.350,w305447837
TERTIAIRE,Route tertiaire,"","",1.349,w329358688
TERTIAIRE,Route tertiaire,"","",1.335,w407837212
TERTIAIRE,Route tertiaire,"","",1.334,w270211902
TERTIAIRE,Route tertiaire,"","",1.334,w303020139
TERTIAIRE,Route tertiaire,"","",1.333,w667295846
SECONDAIRE,Route secondaire,"","",1.332,w1066498411
TERTIAIRE,Route tertiaire,"","",1.317,w311250957
TERTIAIRE,Route tertiaire,"","",1.315,w205148312
PRINCIPALE,Route primaire,"","",1.314,w273063462
TERTIAIRE,Route tertiaire,"","",1.312,w400823401
TERTIAIRE,Route tertiaire,"","",1.311,w496941669
SECONDAIRE,Route secondaire,"","",1.302,w399733609
TERTIAIRE,Route tertiaire,"","",1.289,w182136058
TERTIAIRE,Route tertiaire,"","",1.286,w667295840
TERTIAIRE,Route tertiaire,"","",1.282,w273339624
TERTIAIRE,Route tertiaire,"","",1.281,w269570345
TERTIAIRE,Route tertiaire,"","",1.276,w328816907
TERTIAIRE,Route tertiaire,"","",1.271,w270244515
TERTIAIRE,Route tertiaire,"","",1.266,w398608948
TERTIAIRE,Route tertiaire,"","",1.262,w270364267
SECONDAIRE,Route secondaire,"","",1.253,w690295020
TERTIAIRE,Route tertiaire,"","",1.249,w1059545021
SECONDAIRE,Route secondaire,"","",1.246,w571437116
TERTIAIRE,Route tertiaire,"","",1.245,w329039658
TERTIAIRE,Route tertiaire,"","",1.236,w251658617
SECONDAIRE,Route secondaire,"","",1.233,w174108888
TERTIAIRE,Route tertiaire,"","",1.226,w667295838
TERTIAIRE,Route tertiaire,"","",1.216,w88015076
TERTIAIRE,Route tertiaire,"","",1.211,w941757712
TERTIAIRE,Route tertiaire,"","",1.210,w438165893
TERTIAIRE,Route tertiaire,"","",1.208,w292031468
PRINCIPALE,Route primaire,"",Autoroute le Prince,1.202,w690250509
PRINCIPALE,Route primaire,"",Autoroute le Prince,1.200,w690250518
TERTIAIRE,Route tertiaire,"","",1.194,w705780539
TERTIAIRE,Route tertiaire,"","",1.188,w310939948
TERTIAIRE,Route tertiaire,"","",1.182,w1122742635
TERTIAIRE,Route tertiaire,"","",1.181,w340258276
SECONDAIRE,Route secondaire,"","",1.181,w496723249
TERTIAIRE,Route tertiaire,"","",1.180,w301282879
TERTIAIRE,Route tertiaire,"","",1.176,w666653801
TERTIAIRE,Route tertiaire,"","",1.172,w270470468
TERTIAIRE,Route tertiaire,"","",1.160,w217665229
TERTIAIRE,Route tertiaire,"","",1.153,w325602546
TERTIAIRE,Route tertiaire,"","",1.149,w303331420
SECONDAIRE,Route secondaire,"","",1.149,w690693508
TERTIAIRE,Route tertiaire,"","",1.148,w274492659
TERTIAIRE,Route tertiaire,"","",1.135,w273312936
TERTIAIRE,Route tertiaire,"","",1.127,w628921298
TERTIAIRE,Route tertiaire,"","",1.125,w497955004
PRINCIPALE,Route primaire,"",Carrefour Nongo,1.116,w39451035
TERTIAIRE,Route tertiaire,"","",1.111,w429862218
TERTIAIRE,Route tertiaire,"","",1.100,w270402393
TERTIAIRE,Route tertiaire,"","",1.093,w273389157
TERTIAIRE,Route tertiaire,"","",1.093,w301451002
TERTIAIRE,Route tertiaire,"",Rue MO. 325,1.077,w589296866
TERTIAIRE,Route tertiaire,"","",1.069,w1010731416
TERTIAIRE,Route tertiaire,"","",1.063,w304029125
TERTIAIRE,Route tertiaire,"","",1.058,w687487159
TERTIAIRE,Route tertiaire,"","",1.051,w253675076
TERTIAIRE,Route tertiaire,"","",1.048,w296994381
TERTIAIRE,Route tertiaire,"","",1.047,w114623199
TERTIAIRE,Route tertiaire,"","",1.046,w328440085
SECONDAIRE,Route secondaire,"","",1.037,w571763251
TERTIAIRE,Route tertiaire,"","",1.033,w305854304
TERTIAIRE,Route tertiaire,"","",1.032,w329036290
TERTIAIRE,Route tertiaire,"","",1.030,w327645789
TERTIAIRE,Route tertiaire,"","",1.015,w304942057
TERTIAIRE,Route tertiaire,"","",1.009,w686518049
TERTIAIRE,Route tertiaire,"","",1.007,w270403130
TERTIAIRE,Route tertiaire,"","",1.006,w246573452
TERTIAIRE,Route tertiaire,"","",1.005,w327607690
TERTIAIRE,Route tertiaire,"","",1.004,w414491215
TERTIAIRE,Route tertiaire,"","",1.004,w304942062
PRINCIPALE,Route primaire,"","",1.003,w140778647
TERTIAIRE,Route tertiaire,"","",1.001,w300380681
PRINCIPALE,Route primaire,"","",0.998,w427397099
TERTIAIRE,Route tertiaire,"","",0.995,w238750378
TERTIAIRE,Route tertiaire,"","",0.995,w275319267
PRINCIPALE,Route primaire,"","",0.986,w291534616
TERTIAIRE,Route tertiaire,"","",0.985,w287696058
TERTIAIRE,Route tertiaire,"","",0.968,w645065155
TERTIAIRE,Route tertiaire,"","",0.961,w304029122
TERTIAIRE,Route tertiaire,"","",0.954,w302549032
TERTIAIRE,Route tertiaire,"","",0.952,w273339617
SECONDAIRE,Route secondaire,"","",0.950,w496723251
TERTIAIRE,Route tertiaire,"","",0.950,w328653631
TERTIAIRE,Route tertiaire,"","",0.926,w408962496
PRINCIPALE,Route primaire,"","",0.926,w1135129291
SECONDAIRE,Route secondaire,"","",0.922,w311045980
TERTIAIRE,Route tertiaire,"","",0.919,w330347961
TERTIAIRE,Route tertiaire,"","",0.914,w273328688
TERTIAIRE,Route tertiaire,"","",0.913,w253759103
TERTIAIRE,Route tertiaire,"","",0.908,w329196560
TERTIAIRE,Route tertiaire,"","",0.903,w693363456
PRINCIPALE,Route primaire,"","",0.901,w690020059
TERTIAIRE,Route tertiaire,"",Rue RO. 123,0.893,w48875904
TERTIAIRE,Route tertiaire,"","",0.890,w94781497
TERTIAIRE,Route tertiaire,"","",0.877,w312344429
TERTIAIRE,Route tertiaire,"","",0.876,w1068949553
TERTIAIRE,Route tertiaire,"","",0.869,w315752033
TERTIAIRE,Route tertiaire,"","",0.862,w181552933
PRINCIPALE,Route primaire,"","",0.858,w115512511
TERTIAIRE,Route tertiaire,"","",0.858,w304937451
TERTIAIRE,Route tertiaire,"","",0.856,w253759101
SECONDAIRE,Route secondaire,"","",0.856,w398614665
TERTIAIRE,Route tertiaire,"","",0.850,w344521408
TERTIAIRE,Route tertiaire,"","",0.842,w263539775
TERTIAIRE,Route tertiaire,"","",0.841,w305499377
TERTIAIRE,Route tertiaire,"","",0.841,w676300870
TERTIAIRE,Route tertiaire,"","",0.840,w301026538
TERTIAIRE,Route tertiaire,"",Rue DI. 771,0.838,w39502411
SECONDAIRE,Route secondaire,"","",0.830,w312734125
TERTIAIRE,Route tertiaire,"","",0.827,w287252184
PRINCIPALE,Route primaire,"","",0.824,w501080568
TERTIAIRE,Route tertiaire,"","",0.824,w304937573
TERTIAIRE,Route tertiaire,"","",0.823,w329445968
TERTIAIRE,Route tertiaire,"","",0.819,w312344428
TERTIAIRE,Route tertiaire,"","",0.817,w489453499
TERTIAIRE,Route tertiaire,"","",0.817,w114614739
TERTIAIRE,Route tertiaire,"","",0.814,w1068311931
TERTIAIRE,Route tertiaire,"",Rue RO. 226,0.813,w93285070
TERTIAIRE,Route tertiaire,"","",0.808,w331145321
TERTIAIRE,Route tertiaire,"","",0.807,w292376297
SECONDAIRE,Route secondaire,"","",0.803,w296994378
TERTIAIRE,Route tertiaire,"","",0.794,w304029121
TERTIAIRE,Route tertiaire,"","",0.792,w328463406
SECONDAIRE,Route secondaire,"","",0.789,w689667378
TERTIAIRE,Route tertiaire,"","",0.784,w270239916
TERTIAIRE,Route tertiaire,"","",0.781,w301282906
TERTIAIRE,Route tertiaire,"","",0.781,w1028384488
TERTIAIRE,Route tertiaire,"","",0.778,w253565788
TERTIAIRE,Route tertiaire,"","",0.778,w1006303108
TERTIAIRE,Route tertiaire,"","",0.774,w742216545
TERTIAIRE,Route tertiaire,"","",0.773,w686685983
TERTIAIRE,Route tertiaire,"","",0.772,w319157770
TERTIAIRE,Route tertiaire,"","",0.767,w300515521
TERTIAIRE,Route tertiaire,"","",0.766,w274445921
TERTIAIRE,Route tertiaire,"","",0.765,w687591082
SECONDAIRE,Route secondaire,"","",0.765,w270252672
TERTIAIRE,Route tertiaire,"","",0.763,w488134565
TERTIAIRE,Route tertiaire,"","",0.763,w443169653
TERTIAIRE,Route tertiaire,"","",0.758,w312344425
TERTIAIRE,Route tertiaire,"","",0.758,w269165008
TERTIAIRE,Route tertiaire,"","",0.755,w273312981
TERTIAIRE,Route tertiaire,"","",0.754,w207824831
TERTIAIRE,Route tertiaire,"","",0.752,w498340755
TERTIAIRE,Route tertiaire,"","",0.751,w338666759
TERTIAIRE,Route tertiaire,"",Rue DI. 777,0.749,w331244500
TERTIAIRE,Route tertiaire,"","",0.746,w686635120
TERTIAIRE,Route tertiaire,"","",0.739,w305779844
TERTIAIRE,Route tertiaire,"","",0.735,w688923525
TERTIAIRE,Route tertiaire,"","",0.732,w643156938
TERTIAIRE,Route tertiaire,"","",0.732,w301282882
TERTIAIRE,Route tertiaire,"","",0.725,w686604854
SECONDAIRE,Route secondaire,"","",0.722,w496950283
SECONDAIRE,Route secondaire,"","",0.715,w247167021
PRINCIPALE,Route primaire,"",A1,0.713,w868427774
TERTIAIRE,Route tertiaire,"","",0.712,w304937515
TERTIAIRE,Route tertiaire,"","",0.708,w93285053
TERTIAIRE,Route tertiaire,"","",0.708,w668649683
SECONDAIRE,Route secondaire,"","",0.702,w273328759
TERTIAIRE,Route tertiaire,"","",0.700,w701261476
TERTIAIRE,Route tertiaire,"","",0.692,w313335389
TERTIAIRE,Route tertiaire,"","",0.692,w270402406
TERTIAIRE,Route tertiaire,"","",0.689,w685995590
TERTIAIRE,Route tertiaire,"","",0.687,w305326903
TERTIAIRE,Route tertiaire,"",Rue MO. 090,0.685,w335055646
TERTIAIRE,Route tertiaire,"","",0.684,w270081400
TERTIAIRE,Route tertiaire,"","",0.684,w687329191
PRINCIPALE,Route primaire,"","",0.681,w39451011
TERTIAIRE,Route tertiaire,"","",0.680,w687374370
TERTIAIRE,Route tertiaire,"","",0.676,w686021645
SECONDAIRE,Route secondaire,"","",0.676,w571472866
TERTIAIRE,Route tertiaire,"","",0.671,w328346515
TERTIAIRE,Route tertiaire,"","",0.669,w862999565
TERTIAIRE,Route tertiaire,"","",0.668,w496780765
TERTIAIRE,Route tertiaire,"","",0.668,w301637714
TERTIAIRE,Route tertiaire,"","",0.667,w667295837
TERTIAIRE,Route tertiaire,"","",0.658,w213576997
TERTIAIRE,Route tertiaire,"","",0.658,w274387065
TERTIAIRE,Route tertiaire,"","",0.658,w417283728
PRINCIPALE,Route primaire,"","",0.656,w777692714
TERTIAIRE,Route tertiaire,"","",0.654,w682691333
TERTIAIRE,Route tertiaire,"","",0.646,w312344431
TERTIAIRE,Route tertiaire,"","",0.644,w330300580
TERTIAIRE,Route tertiaire,"","",0.642,w310943452
TERTIAIRE,Route tertiaire,"","",0.638,w301282908
TERTIAIRE,Route tertiaire,"","",0.637,w300789278
TERTIAIRE,Route tertiaire,"","",0.635,w270873960
TERTIAIRE,Route tertiaire,"","",0.633,w391320970
TERTIAIRE,Route tertiaire,"","",0.631,w651177766
TERTIAIRE,Route tertiaire,"","",0.629,w1000969128
TERTIAIRE,Route tertiaire,"","",0.627,w332494505
TERTIAIRE,Route tertiaire,"","",0.624,w497286086
TERTIAIRE,Route tertiaire,"","",0.623,w923719277
TERTIAIRE,Route tertiaire,"","",0.620,w88015069
TERTIAIRE,Route tertiaire,"","",0.618,w1000969129
TERTIAIRE,Route tertiaire,"","",0.616,w566748526
TERTIAIRE,Route tertiaire,"","",0.611,w269676584
TERTIAIRE,Route tertiaire,"","",0.603,w292376300
TERTIAIRE,Route tertiaire,"","",0.603,w305326901
TERTIAIRE,Route tertiaire,"",Corniche,0.602,w217941467
TERTIAIRE,Route tertiaire,"","",0.599,w498340751
TERTIAIRE,Route tertiaire,"",Rue DI. 780,0.598,w39502687
TERTIAIRE,Route tertiaire,"","",0.598,w686653469
TERTIAIRE,Route tertiaire,"","",0.593,w114614747
TERTIAIRE,Route tertiaire,"","",0.591,w667295832
PRINCIPALE,Route primaire,"","",0.585,w559283161
SECONDAIRE,Route secondaire,"",Transversale 9,0.584,w38662549
TERTIAIRE,Route tertiaire,"","",0.581,w247175332
SECONDAIRE,Route secondaire,"","",0.581,w399733614
TERTIAIRE,Route tertiaire,"","",0.581,w182084649
TERTIAIRE,Route tertiaire,"","",0.578,w497949977
TERTIAIRE,Route tertiaire,"","",0.576,w272018782
TERTIAIRE,Route tertiaire,"","",0.576,w382565683
TERTIAIRE,Route tertiaire,"","",0.575,w759464600
TERTIAIRE,Route tertiaire,"","",0.575,w236673319
TERTIAIRE,Route tertiaire,"","",0.572,w497954999
TERTIAIRE,Route tertiaire,"","",0.572,w39503006
TERTIAIRE,Route tertiaire,"","",0.569,w686007620
TERTIAIRE,Route tertiaire,"","",0.569,w292036261
TERTIAIRE,Route tertiaire,"","",0.567,w368634018
TERTIAIRE,Route tertiaire,"","",0.565,w271662426
TERTIAIRE,Route tertiaire,"","",0.565,w329039659
TERTIAIRE,Route tertiaire,"","",0.564,w247169123
TERTIAIRE,Route tertiaire,"","",0.564,w304029846
TERTIAIRE,Route tertiaire,"","",0.554,w398759886
TERTIAIRE,Route tertiaire,"","",0.553,w416947192
TERTIAIRE,Route tertiaire,"","",0.551,w300369864
TERTIAIRE,Route tertiaire,"","",0.551,w686029455
TERTIAIRE,Route tertiaire,"","",0.550,w314204245
SECONDAIRE,Route secondaire,"","",0.549,w274171849
TERTIAIRE,Route tertiaire,"","",0.549,w327755003
TERTIAIRE,Route tertiaire,"",Rue RO. 226,0.548,w909473604
TERTIAIRE,Route tertiaire,"","",0.548,w489947275
TERTIAIRE,Route tertiaire,"","",0.548,w304935181
TERTIAIRE,Route tertiaire,"","",0.546,w686007622
TERTIAIRE,Route tertiaire,"","",0.544,w304942255
TERTIAIRE,Route tertiaire,"","",0.542,w1110016085
TERTIAIRE,Route tertiaire,"","",0.542,w305685917
TERTIAIRE,Route tertiaire,"","",0.540,w687255455
TERTIAIRE,Route tertiaire,"","",0.539,w302317313
TERTIAIRE,Route tertiaire,"","",0.538,w705780535
TERTIAIRE,Route tertiaire,"","",0.528,w687345944
TERTIAIRE,Route tertiaire,"","",0.526,w304025051
TERTIAIRE,Route tertiaire,"","",0.525,w273312967
TERTIAIRE,Route tertiaire,"","",0.515,w686660192
TERTIAIRE,Route tertiaire,"","",0.513,w687398043
SECONDAIRE,Route secondaire,"","",0.511,w496950274
PRINCIPALE,Route primaire,"","",0.509,w760173006
TERTIAIRE,Route tertiaire,"","",0.508,w328440491
TERTIAIRE,Route tertiaire,"","",0.507,w686907107
TERTIAIRE,Route tertiaire,"","",0.506,w313335390
TERTIAIRE,Route tertiaire,"","",0.500,w571753321
TERTIAIRE,Route tertiaire,"","",0.498,w862993860
TERTIAIRE,Route tertiaire,"","",0.497,w939789959
TERTIAIRE,Route tertiaire,"","",0.496,w500544891
TERTIAIRE,Route tertiaire,"","",0.496,w340393202
TERTIAIRE,Route tertiaire,"","",0.495,w692717584
TERTIAIRE,Route tertiaire,"","",0.494,w682711265
TERTIAIRE,Route tertiaire,"",Corniche,0.493,w270633142
TERTIAIRE,Route tertiaire,"","",0.493,w241719758
TERTIAIRE,Route tertiaire,"","",0.491,w331089437
TERTIAIRE,Route tertiaire,"","",0.491,w288109309
SECONDAIRE,Route secondaire,"","",0.484,w480650789
TERTIAIRE,Route tertiaire,"","",0.484,w686777127
TERTIAIRE,Route tertiaire,"","",0.483,w217789647
TERTIAIRE,Route tertiaire,"","",0.481,w340393201
TERTIAIRE,Route tertiaire,"","",0.469,w296969168
TERTIAIRE,Route tertiaire,"","",0.466,w331316990
TERTIAIRE,Route tertiaire,"","",0.463,w686556238
TERTIAIRE,Route tertiaire,"","",0.462,w1087499486
TERTIAIRE,Route tertiaire,"","",0.462,w327697220
TERTIAIRE,Route tertiaire,"","",0.460,w302355633
TERTIAIRE,Route tertiaire,"","",0.458,w316001303
TERTIAIRE,Route tertiaire,"","",0.458,w647828813
TERTIAIRE,Route tertiaire,"","",0.454,w868427771
TERTIAIRE,Route tertiaire,"","",0.448,w291905535
TERTIAIRE,Route tertiaire,"","",0.447,w687495313
TERTIAIRE,Route tertiaire,"","",0.445,w497286084
TERTIAIRE,Route tertiaire,"","",0.443,w296989665
TERTIAIRE,Route tertiaire,"",Rue MO. 515,0.437,w94781656
TERTIAIRE,Route tertiaire,"","",0.430,w264392025
TERTIAIRE,Route tertiaire,"","",0.429,w329039651
TERTIAIRE,Route tertiaire,"","",0.422,w398759902
TERTIAIRE,Route tertiaire,"","",0.420,w545945844
SECONDAIRE,Route secondaire,"","",0.417,w311045993
SECONDAIRE,Route secondaire,"",transvervale 5,0.416,w548598614
SECONDAIRE,Route secondaire,"",transvervale 5,0.415,w548598613
TERTIAIRE,Route tertiaire,"","",0.414,w304937513
TERTIAIRE,Route tertiaire,"","",0.413,w314599493
TERTIAIRE,Route tertiaire,"","",0.409,w545945848
TERTIAIRE,Route tertiaire,"","",0.408,w692717585
TERTIAIRE,Route tertiaire,"","",0.407,w646623998
TERTIAIRE,Route tertiaire,"",Transversale 8,0.406,w270870907
TERTIAIRE,Route tertiaire,"","",0.405,w270875920
TERTIAIRE,Route tertiaire,"","",0.405,w305781530
TERTIAIRE,Route tertiaire,"","",0.404,w304938122
TERTIAIRE,Route tertiaire,"","",0.403,w328816894
TERTIAIRE,Route tertiaire,"","",0.403,w327642383
TERTIAIRE,Route tertiaire,"","",0.403,w304029123
TERTIAIRE,Route tertiaire,"","",0.401,w236673328
TERTIAIRE,Route tertiaire,"","",0.401,w338063221
TERTIAIRE,Route tertiaire,"","",0.401,w330300576
TERTIAIRE,Route tertiaire,"","",0.396,w287696057
TERTIAIRE,Route tertiaire,"","",0.391,w268779589
TERTIAIRE,Route tertiaire,"","",0.388,w269008191
TERTIAIRE,Route tertiaire,"","",0.388,w270925881
TERTIAIRE,Route tertiaire,"","",0.386,w687345947
PRINCIPALE,Route primaire,"","",0.386,w847509788
TERTIAIRE,Route tertiaire,"","",0.384,w398772693
TERTIAIRE,Route tertiaire,"","",0.383,w693507759
TERTIAIRE,Route tertiaire,"","",0.382,w302321289
TERTIAIRE,Route tertiaire,"","",0.382,w273328761
TERTIAIRE,Route tertiaire,"","",0.381,w247166921
TERTIAIRE,Route tertiaire,"","",0.381,w328440087
TERTIAIRE,Route tertiaire,"","",0.378,w303331426
TERTIAIRE,Route tertiaire,"","",0.377,w305326900
TERTIAIRE,Route tertiaire,"","",0.377,w270874054
TERTIAIRE,Route tertiaire,"","",0.375,w304968317
PRINCIPALE,Route primaire,"",A1,0.373,w860635724
TERTIAIRE,Route tertiaire,"","",0.373,w273328763
TERTIAIRE,Route tertiaire,"","",0.372,w328441607
TERTIAIRE,Route tertiaire,"","",0.372,w273312965
TERTIAIRE,Route tertiaire,"","",0.371,w650237624
TERTIAIRE,Route tertiaire,"","",0.370,w686007623
TERTIAIRE,Route tertiaire,"","",0.368,w303020069
TERTIAIRE,Route tertiaire,"","",0.367,w705780530
TERTIAIRE,Route tertiaire,"","",0.366,w292032051
TERTIAIRE,Route tertiaire,"","",0.364,w746632581
TERTIAIRE,Route tertiaire,"","",0.359,w328440086
TERTIAIRE,Route tertiaire,"","",0.358,w304936552
TERTIAIRE,Route tertiaire,"","",0.358,w304752455
TERTIAIRE,Route tertiaire,"","",0.358,w292376298
TERTIAIRE,Route tertiaire,"","",0.356,w305046274
PRINCIPALE,Route primaire,"","",0.356,w643145253
PRINCIPALE,Route primaire,"","",0.352,w760173008
TERTIAIRE,Route tertiaire,"","",0.351,w571764984
PRINCIPALE,Route primaire,"",Route de Café,0.348,w272042384
TERTIAIRE,Route tertiaire,"","",0.347,w315070437
TERTIAIRE,Route tertiaire,"","",0.343,w691661128
SECONDAIRE,Route secondaire,"","",0.342,w272452910
TERTIAIRE,Route tertiaire,"","",0.340,w305326905
TERTIAIRE,Route tertiaire,"","",0.336,w312344427
TERTIAIRE,Route tertiaire,"","",0.331,w304938119
PRINCIPALE,Route primaire,"","",0.330,w269075803
TERTIAIRE,Route tertiaire,"","",0.327,w301282895
PRINCIPALE,Route primaire,"",Route de Café,0.325,w272042386
TERTIAIRE,Route tertiaire,"","",0.323,w687481754
TERTIAIRE,Route tertiaire,"","",0.321,w315754530
TERTIAIRE,Route tertiaire,"","",0.318,w645043301
TERTIAIRE,Route tertiaire,"","",0.318,w837294613
TERTIAIRE,Route tertiaire,"",Rue DI. 835,0.315,w39503210
TERTIAIRE,Route tertiaire,"","",0.311,w940589963
TERTIAIRE,Route tertiaire,"","",0.304,w304937449
TERTIAIRE,Route tertiaire,"","",0.303,w330599386
TERTIAIRE,Route tertiaire,"","",0.302,w398759885
TERTIAIRE,Route tertiaire,"","",0.302,w182084644
TERTIAIRE,Route tertiaire,"","",0.302,w668691305
TERTIAIRE,Route tertiaire,"","",0.301,w703396842
SECONDAIRE,Route secondaire,"","",0.299,w689930310
TERTIAIRE,Route tertiaire,"","",0.296,w328239277
TERTIAIRE,Route tertiaire,"","",0.296,w292032050
TERTIAIRE,Route tertiaire,"","",0.295,w329039663
TERTIAIRE,Route tertiaire,"","",0.295,w270574936
TERTIAIRE,Route tertiaire,"","",0.288,w752182922
TERTIAIRE,Route tertiaire,"","",0.288,w328399430
TERTIAIRE,Route tertiaire,"","",0.288,w247172501
TERTIAIRE,Route tertiaire,"","",0.287,w416948332
TERTIAIRE,Route tertiaire,"","",0.286,w238471921
TERTIAIRE,Route tertiaire,"","",0.284,w292790019
TERTIAIRE,Route tertiaire,"","",0.284,w315886571
TERTIAIRE,Route tertiaire,"","",0.280,w753325631
TERTIAIRE,Route tertiaire,"","",0.275,w330689789
TERTIAIRE,Route tertiaire,"","",0.275,w269448286
TERTIAIRE,Route tertiaire,"","",0.273,w288109311
TERTIAIRE,Route tertiaire,"","",0.272,w331459480
TERTIAIRE,Route tertiaire,"","",0.272,w686914023
TERTIAIRE,Route tertiaire,"","",0.272,w313335391
TERTIAIRE,Route tertiaire,"","",0.270,w182136066
TERTIAIRE,Route tertiaire,"","",0.269,w644555060
TERTIAIRE,Route tertiaire,"","",0.268,w305548790
TERTIAIRE,Route tertiaire,"","",0.265,w688337773
TERTIAIRE,Route tertiaire,"","",0.265,w752182921
TERTIAIRE,Route tertiaire,"","",0.262,w687392990
TERTIAIRE,Route tertiaire,"","",0.261,w300515519
TERTIAIRE,Route tertiaire,"","",0.257,w300611018
TERTIAIRE,Route tertiaire,"","",0.256,w408962497
TERTIAIRE,Route tertiaire,"",Rue RO. 117,0.255,w93285141
TERTIAIRE,Route tertiaire,"","",0.254,w182192273
TERTIAIRE,Route tertiaire,"","",0.254,w651196466
TERTIAIRE,Route tertiaire,"","",0.252,w644621988
TERTIAIRE,Route tertiaire,"","",0.252,w328816905
TERTIAIRE,Route tertiaire,"","",0.250,w330064746
TERTIAIRE,Route tertiaire,"","",0.247,w312685920
TERTIAIRE,Route tertiaire,"","",0.244,w305779803
TERTIAIRE,Route tertiaire,"","",0.241,w328256099
TERTIAIRE,Route tertiaire,"","",0.240,w400840751
TERTIAIRE,Route tertiaire,"","",0.240,w274188439
TERTIAIRE,Route tertiaire,"","",0.239,w745607910
TERTIAIRE,Route tertiaire,"","",0.238,w94781609
TERTIAIRE,Route tertiaire,"","",0.236,w207825934
TERTIAIRE,Route tertiaire,"","",0.230,w292036267
TERTIAIRE,Route tertiaire,"","",0.228,w752182919
TERTIAIRE,Route tertiaire,"","",0.227,w310638896
TERTIAIRE,Route tertiaire,"","",0.225,w1122742643
TERTIAIRE,Route tertiaire,"","",0.225,w800950251
TERTIAIRE,Route tertiaire,"","",0.223,w217565606
TERTIAIRE,Route tertiaire,"","",0.219,w868427770
TERTIAIRE,Route tertiaire,"","",0.217,w273136241
TERTIAIRE,Route tertiaire,"","",0.216,w862993859
TERTIAIRE,Route tertiaire,"","",0.215,w328025083
TERTIAIRE,Route tertiaire,"","",0.214,w270875244
TERTIAIRE,Route tertiaire,"","",0.212,w317517401
TERTIAIRE,Route tertiaire,"","",0.212,w270119953
TERTIAIRE,Route tertiaire,"","",0.210,w304937514
TERTIAIRE,Route tertiaire,"","",0.209,w304029118
TERTIAIRE,Route tertiaire,"","",0.209,w686646029
TERTIAIRE,Route tertiaire,"","",0.207,w686871219
TERTIAIRE,Route tertiaire,"","",0.205,w880058474
TERTIAIRE,Route tertiaire,"","",0.205,w311535879
TERTIAIRE,Route tertiaire,"","",0.204,w398620186
TERTIAIRE,Route tertiaire,"","",0.204,w906775182
TERTIAIRE,Route tertiaire,"","",0.202,w514036356
TERTIAIRE,Route tertiaire,"","",0.200,w686893473
TERTIAIRE,Route tertiaire,"","",0.199,w686764317
TERTIAIRE,Route tertiaire,"","",0.199,w292030084
TERTIAIRE,Route tertiaire,"","",0.196,w302550158
TERTIAIRE,Route tertiaire,"","",0.195,w687280128
TERTIAIRE,Route tertiaire,"","",0.194,w687270470
TERTIAIRE,Route tertiaire,"","",0.193,w310943477
TERTIAIRE,Route tertiaire,"","",0.190,w416981419
TERTIAIRE,Route tertiaire,"","",0.189,w747283365
TERTIAIRE,Route tertiaire,"","",0.188,w687398040
TERTIAIRE,Route tertiaire,"","",0.187,w398618356
TERTIAIRE,Route tertiaire,"","",0.180,w678889693
SECONDAIRE,Route secondaire,"","",0.179,w303341724
TERTIAIRE,Route tertiaire,"","",0.179,w416929956
TERTIAIRE,Route tertiaire,"","",0.179,w274188441
TERTIAIRE,Route tertiaire,"","",0.175,w693507761
TERTIAIRE,Route tertiaire,"","",0.175,w313334438
TERTIAIRE,Route tertiaire,"","",0.175,w753313292
TERTIAIRE,Route tertiaire,"","",0.175,w408961361
TERTIAIRE,Route tertiaire,"",Rue MO. 514,0.173,w554583932
SECONDAIRE,Route secondaire,"","",0.172,w689667376
TERTIAIRE,Route tertiaire,"","",0.171,w497955000
TERTIAIRE,Route tertiaire,"","",0.169,w752875341
TERTIAIRE,Route tertiaire,"","",0.169,w647517015
TERTIAIRE,Route tertiaire,"","",0.166,w237384518
TERTIAIRE,Route tertiaire,"","",0.165,w681919359
TERTIAIRE,Route tertiaire,"","",0.162,w949545284
TERTIAIRE,Route tertiaire,"","",0.161,w949545285
TERTIAIRE,Route tertiaire,"","",0.161,w416981413
TERTIAIRE,Route tertiaire,"","",0.160,w238401075
TERTIAIRE,Route tertiaire,"","",0.160,w1059734717
PRINCIPALE,Route primaire,"","",0.160,w292511741
PRINCIPALE,Route primaire,"",Rond Point T5,0.158,w140686331
TERTIAIRE,Route tertiaire,"","",0.154,w303473716
TERTIAIRE,Route tertiaire,"","",0.151,w328440088
PRINCIPALE,Route primaire,"",Rond point T6,0.149,w140786770
PRINCIPALE,Route primaire,"","",0.149,w688655224
TERTIAIRE,Route tertiaire,"","",0.148,w304937444
TERTIAIRE,Route tertiaire,"","",0.146,w305499380
TERTIAIRE,Route tertiaire,"","",0.146,w400806155
TERTIAIRE,Route tertiaire,"","",0.145,w271586610
TERTIAIRE,Route tertiaire,"","",0.143,w497955005
SECONDAIRE,Route secondaire,"","",0.142,w270262059
TERTIAIRE,Route tertiaire,"","",0.141,w271279766
TERTIAIRE,Route tertiaire,"","",0.140,w701261477
TERTIAIRE,Route tertiaire,"","",0.140,w416450036
TERTIAIRE,Route tertiaire,"","",0.139,w646617620
TERTIAIRE,Route tertiaire,"","",0.138,w332494513
SECONDAIRE,Route secondaire,"","",0.138,w269991686
TERTIAIRE,Route tertiaire,"","",0.138,w752875340
PRINCIPALE,Route primaire,"","",0.135,w690250505
TERTIAIRE,Route tertiaire,"","",0.134,w182084651
TERTIAIRE,Route tertiaire,"","",0.133,w292036269
TERTIAIRE,Route tertiaire,"","",0.132,w650737297
TERTIAIRE,Route tertiaire,"","",0.132,w339993570
PRINCIPALE,Route primaire,"","",0.132,w690247427
TERTIAIRE,Route tertiaire,"","",0.131,w296968722
TERTIAIRE,Route tertiaire,"","",0.130,w328653621
TERTIAIRE,Route tertiaire,"","",0.129,w329359146
PRINCIPALE,Route primaire,"",Rond Point Bambeto,0.128,w140781508
TERTIAIRE,Route tertiaire,"","",0.127,w756574407
TERTIAIRE,Route tertiaire,"","",0.126,w351631767
TERTIAIRE,Route tertiaire,"","",0.126,w223428485
TERTIAIRE,Route tertiaire,"","",0.124,w686647057
TERTIAIRE,Route tertiaire,"","",0.124,w1067934997
TERTIAIRE,Route tertiaire,"","",0.124,w270293496
SECONDAIRE,Route secondaire,"","",0.123,w272093567
TERTIAIRE,Route tertiaire,"","",0.123,w329358706
TERTIAIRE,Route tertiaire,"","",0.123,w398568890
PRINCIPALE,Route primaire,"",Rond Point ENCO 5,0.123,w140686342
SECONDAIRE,Route secondaire,"",Transversale 9,0.123,w990634757
TERTIAIRE,Route tertiaire,"","",0.121,w263444137
TERTIAIRE,Route tertiaire,"","",0.119,w687280129
TERTIAIRE,Route tertiaire,"","",0.118,w339776919
TERTIAIRE,Route tertiaire,"","",0.117,w939745782
TERTIAIRE,Route tertiaire,"","",0.117,w1020786204
TERTIAIRE,Route tertiaire,"","",0.116,w633230094
TERTIAIRE,Route tertiaire,"","",0.114,w292030081
TERTIAIRE,Route tertiaire,"","",0.112,w293138668
TERTIAIRE,Route tertiaire,"","",0.111,w705780536
TERTIAIRE,Route tertiaire,"","",0.110,w301026529
TERTIAIRE,Route tertiaire,"","",0.109,w763740451
TERTIAIRE,Route tertiaire,"","",0.109,w287696059
SECONDAIRE,Route secondaire,"","",0.108,w688699111
TERTIAIRE,Route tertiaire,"","",0.107,w270507262
TERTIAIRE,Route tertiaire,"","",0.106,w303333110
TERTIAIRE,Bretelle route tertiaire,"","",0.106,w339466379
TERTIAIRE,Route tertiaire,"","",0.106,w744703429
TERTIAIRE,Route tertiaire,"","",0.105,w304029120
TERTIAIRE,Route tertiaire,"","",0.104,w766195913
TERTIAIRE,Route tertiaire,"","",0.102,w686764318
TERTIAIRE,Route tertiaire,"","",0.102,w273313019
SECONDAIRE,Route secondaire,"",Transversale 9,0.101,w990634758
TERTIAIRE,Route tertiaire,"","",0.099,w287252157
TERTIAIRE,Route tertiaire,"","",0.099,w270405165
TERTIAIRE,Route tertiaire,"","",0.098,w939789958
TERTIAIRE,Route tertiaire,"","",0.098,w300789279
TERTIAIRE,Route tertiaire,"","",0.096,w269836169
TERTIAIRE,Route tertiaire,"","",0.095,w304952976
TERTIAIRE,Route tertiaire,"","",0.095,w862994208
TERTIAIRE,Route tertiaire,"","",0.093,w415340130
VOIE_RAPIDE,Voie rapide,RN5,"",0.093,w571480065
TERTIAIRE,Route tertiaire,"","",0.092,w273313024
TERTIAIRE,Route tertiaire,"","",0.092,w749386949
TERTIAIRE,Route tertiaire,"","",0.091,w703396823
TERTIAIRE,Route tertiaire,"","",0.090,w287274159
TERTIAIRE,Route tertiaire,"","",0.089,w710055330
TERTIAIRE,Route tertiaire,"","",0.087,w753313290
TERTIAIRE,Route tertiaire,"","",0.085,w201754320
TERTIAIRE,Route tertiaire,"","",0.084,w328423647
TERTIAIRE,Route tertiaire,"","",0.084,w302317301
TERTIAIRE,Route tertiaire,"","",0.084,w750780623
TERTIAIRE,Route tertiaire,"","",0.084,w273390128
TERTIAIRE,Route tertiaire,"","",0.081,w398759889
PRINCIPALE,Route primaire,"","",0.081,w501080570
TERTIAIRE,Route tertiaire,"","",0.080,w398619823
SECONDAIRE,Route secondaire,"","",0.080,w303341736
TERTIAIRE,Route tertiaire,"","",0.080,w223428486
TERTIAIRE,Route tertiaire,"","",0.079,w315813099
TERTIAIRE,Route tertiaire,"","",0.078,w382563323
TERTIAIRE,Route tertiaire,"","",0.077,w270402396
TERTIAIRE,Route tertiaire,"","",0.077,w223428489
PRINCIPALE,Route primaire,"",Rond Point Cosa,0.076,w217954564
TERTIAIRE,Route tertiaire,"","",0.076,w690250497
TERTIAIRE,Route tertiaire,"","",0.076,w496723243
TERTIAIRE,Route tertiaire,"","",0.076,w398619821
TERTIAIRE,Route tertiaire,"","",0.076,w409891954
TERTIAIRE,Route tertiaire,"","",0.075,w318846033
PRINCIPALE,Route primaire,"","",0.075,w420401594
TERTIAIRE,Route tertiaire,"","",0.075,w687357332
TERTIAIRE,Route tertiaire,"",Transversale 7,0.075,w1038862054
TERTIAIRE,Route tertiaire,"","",0.075,w319734266
TERTIAIRE,Route tertiaire,"","",0.073,w690250495
PRINCIPALE,Route primaire,"",Route de Café,0.073,w178180790
TERTIAIRE,Route tertiaire,"","",0.070,w330028917
TERTIAIRE,Route tertiaire,"","",0.070,w686885647
TERTIAIRE,Route tertiaire,"","",0.069,w398759893
TERTIAIRE,Route tertiaire,"","",0.069,w650237618
TERTIAIRE,Route tertiaire,"","",0.069,w629241226
TERTIAIRE,Route tertiaire,"","",0.069,w844598502
TERTIAIRE,Route tertiaire,"","",0.069,w497954998
TERTIAIRE,Route tertiaire,"","",0.069,w399733607
TERTIAIRE,Route tertiaire,"","",0.068,w545945842
TERTIAIRE,Route tertiaire,"","",0.068,w756574414
TERTIAIRE,Route tertiaire,"","",0.068,w283151728
TERTIAIRE,Route tertiaire,"","",0.067,w272511828
TERTIAIRE,Route tertiaire,"","",0.067,w686587360
PRINCIPALE,Route primaire,"","",0.067,w313322428
TERTIAIRE,Route tertiaire,"","",0.066,w785444109
TERTIAIRE,Route tertiaire,"","",0.065,w498684620
TERTIAIRE,Route tertiaire,"","",0.065,w269940435
TERTIAIRE,Route tertiaire,"","",0.065,w328653622
TERTIAIRE,Route tertiaire,"","",0.064,w646617624
TERTIAIRE,Route tertiaire,"","",0.064,w253759108
TERTIAIRE,Route tertiaire,"","",0.064,w1068949552
TERTIAIRE,Route tertiaire,"","",0.064,w304937512
TERTIAIRE,Route tertiaire,"","",0.063,w545944887
TERTIAIRE,Route tertiaire,"","",0.063,w541391236
TERTIAIRE,Route tertiaire,"","",0.062,w498071091
TERTIAIRE,Route tertiaire,"","",0.062,w223428487
TERTIAIRE,Route tertiaire,"","",0.062,w791318123
PRINCIPALE,Route primaire,"","",0.061,w690530401
TERTIAIRE,Route tertiaire,"","",0.061,w701261475
TERTIAIRE,Route tertiaire,"","",0.061,w686515178
SECONDAIRE,Route secondaire,"","",0.060,w689671568
TERTIAIRE,Route tertiaire,"","",0.060,w207825931
TERTIAIRE,Route tertiaire,"","",0.060,w269448288
TERTIAIRE,Route tertiaire,"","",0.060,w328421743
TERTIAIRE,Route tertiaire,"","",0.059,w273384861
TERTIAIRE,Route tertiaire,"","",0.059,w689158259
TERTIAIRE,Route tertiaire,"","",0.059,w340061454
SECONDAIRE,Route secondaire,"",Carrefour Célibataire,0.059,w547915895
TERTIAIRE,Route tertiaire,"","",0.059,w691661125
TERTIAIRE,Route tertiaire,"",Transversale 8,0.058,w690226858
TERTIAIRE,Route tertiaire,"","",0.058,w429862222
TERTIAIRE,Route tertiaire,"","",0.057,w400335436
TERTIAIRE,Route tertiaire,"","",0.057,w400335434
TERTIAIRE,Route tertiaire,"","",0.057,w398759896
TERTIAIRE,Route tertiaire,"","",0.056,w790577736
TERTIAIRE,Route tertiaire,"","",0.056,w314237490
TERTIAIRE,Route tertiaire,"","",0.056,w703937761
TERTIAIRE,Route tertiaire,"","",0.056,w339993565
TERTIAIRE,Route tertiaire,"","",0.055,w756557838
PRINCIPALE,Route primaire,"",Autoroute le Prince,0.055,w688655217
TERTIAIRE,Route tertiaire,"",Transversale 8,0.055,w690226859
TERTIAIRE,Route tertiaire,"","",0.054,w305779800
TERTIAIRE,Route tertiaire,"",Transversale 7,0.054,w688655219
PRINCIPALE,Route primaire,"",Autoroute le Prince,0.054,w688655218
TERTIAIRE,Route tertiaire,"","",0.054,w304929054
TERTIAIRE,Route tertiaire,"","",0.053,w303331425
PRINCIPALE,Route primaire,"",Transversale 7,0.053,w688655223
TERTIAIRE,Route tertiaire,"","",0.052,w270615200
TERTIAIRE,Route tertiaire,"","",0.052,w319734268
TERTIAIRE,Route tertiaire,"","",0.052,w688879948
PRINCIPALE,Route primaire,"",Transversale 7,0.052,w688655221
TERTIAIRE,Route tertiaire,"","",0.052,w399510407
SECONDAIRE,Route secondaire,"","",0.051,w497034165
TERTIAIRE,Route tertiaire,"","",0.051,w207825679
TERTIAIRE,Route tertiaire,"","",0.051,w750478167
TERTIAIRE,Route tertiaire,"",Transversale 7,0.051,w688655220
PRINCIPALE,Route primaire,"","",0.050,w292511740
TERTIAIRE,Bretelle route tertiaire,"","",0.050,w680241693
TERTIAIRE,Route tertiaire,"","",0.049,w219780185
TERTIAIRE,Route tertiaire,"","",0.049,w400823404
TERTIAIRE,Route tertiaire,"","",0.049,w541206114
TERTIAIRE,Route tertiaire,"","",0.049,w939984905
TERTIAIRE,Route tertiaire,"","",0.049,w698888082
SECONDAIRE,Route secondaire,"","",0.049,w314329217
TERTIAIRE,Route tertiaire,"","",0.048,w705780538
TERTIAIRE,Route tertiaire,"","",0.048,w541206115
TERTIAIRE,Route tertiaire,"","",0.048,w400823405
TERTIAIRE,Route tertiaire,"","",0.048,w398580885
TERTIAIRE,Route tertiaire,"","",0.048,w338063250
TERTIAIRE,Route tertiaire,"","",0.048,w270574927
TERTIAIRE,Route tertiaire,"","",0.048,w686753548
TERTIAIRE,Route tertiaire,"",Pont Taouyah,0.047,w331244506
TERTIAIRE,Route tertiaire,"","",0.047,w1066120973
TERTIAIRE,Route tertiaire,"","",0.045,w1020834739
TERTIAIRE,Route tertiaire,"","",0.045,w686021643
PRINCIPALE,Route primaire,"","",0.045,w571481912
TERTIAIRE,Route tertiaire,"","",0.045,w292030080
TERTIAIRE,Route tertiaire,"","",0.045,w291905542
TERTIAIRE,Route tertiaire,"",Transversale 7,0.044,w1038862053
TERTIAIRE,Route tertiaire,"","",0.044,w541391229
SECONDAIRE,Route secondaire,"","",0.044,w711998242
TERTIAIRE,Route tertiaire,"","",0.043,w269448289
PRINCIPALE,Route primaire,"","",0.043,w551098155
TERTIAIRE,Route tertiaire,"","",0.043,w400338872
TERTIAIRE,Route tertiaire,"","",0.043,w332059214
SECONDAIRE,Route secondaire,"","",0.043,w264628084
PRINCIPALE,Route primaire,"","",0.043,w777692715
TERTIAIRE,Route tertiaire,"","",0.042,w207824825
TERTIAIRE,Route tertiaire,"","",0.042,w705780531
SECONDAIRE,Bretelle route secondaire,"","",0.042,w541391228
SECONDAIRE,Route secondaire,"","",0.042,w141065432
TERTIAIRE,Route tertiaire,"","",0.041,w116071409
TERTIAIRE,Route tertiaire,"","",0.041,w269907264
SECONDAIRE,Route secondaire,"","",0.041,w330875035
PRINCIPALE,Route primaire,"",Ganta - Sanniquellie,0.041,w302450627
SECONDAIRE,Route secondaire,"","",0.041,w140781501
TERTIAIRE,Route tertiaire,"","",0.040,w426350025
SECONDAIRE,Route secondaire,"","",0.040,w140777970
TERTIAIRE,Route tertiaire,"","",0.040,w300380669
TERTIAIRE,Route tertiaire,"","",0.040,w693507760
SECONDAIRE,Route secondaire,"","",0.039,w140781510
TERTIAIRE,Route tertiaire,"","",0.039,w340538453
TERTIAIRE,Route tertiaire,"",corniches,0.038,w543311030
TERTIAIRE,Route tertiaire,"","",0.038,w686131644
TERTIAIRE,Route tertiaire,"",Transversale 8,0.038,w690226861
TERTIAIRE,Route tertiaire,"",Transversale 8,0.038,w690226863
SECONDAIRE,Route secondaire,"","",0.037,w38662343
TERTIAIRE,Route tertiaire,"","",0.037,w398580883
TERTIAIRE,Route tertiaire,"","",0.037,w292376299
TERTIAIRE,Route tertiaire,"","",0.037,w272663324
TERTIAIRE,Route tertiaire,"","",0.037,w272236456
TERTIAIRE,Route tertiaire,"","",0.036,w791318119
TERTIAIRE,Route tertiaire,"","",0.036,w407837213
SECONDAIRE,Route secondaire,"","",0.036,w689657183
TERTIAIRE,Route tertiaire,"","",0.036,w244795183
TERTIAIRE,Route tertiaire,"","",0.036,w701261473
TERTIAIRE,Route tertiaire,"","",0.036,w340384745
TERTIAIRE,Route tertiaire,"","",0.036,w400335433
TERTIAIRE,Route tertiaire,"","",0.036,w330992854
TERTIAIRE,Route tertiaire,"","",0.036,w304952990
TERTIAIRE,Route tertiaire,"","",0.035,w331803308
TERTIAIRE,Route tertiaire,"","",0.035,w541391223
SECONDAIRE,Route secondaire,"","",0.035,w270874004
TERTIAIRE,Route tertiaire,"","",0.035,w647479681
TERTIAIRE,Route tertiaire,"","",0.034,w270470440
TERTIAIRE,Route tertiaire,"","",0.034,w304952984
TERTIAIRE,Route tertiaire,"","",0.034,w668651646
TERTIAIRE,Route tertiaire,"","",0.034,w635294647
TERTIAIRE,Route tertiaire,"","",0.033,w676300871
TERTIAIRE,Route tertiaire,"","",0.033,w400335431
TERTIAIRE,Route tertiaire,"","",0.033,w270874015
TERTIAIRE,Route tertiaire,"","",0.033,w331459475
TERTIAIRE,Route tertiaire,"","",0.033,w1067878691
TERTIAIRE,Route tertiaire,"","",0.032,w302883224
TERTIAIRE,Route tertiaire,"","",0.032,w269783540
TERTIAIRE,Route tertiaire,"","",0.032,w328845139
SECONDAIRE,Route secondaire,"","",0.032,w38662375
SECONDAIRE,Route secondaire,"","",0.032,w140686352
TERTIAIRE,Route tertiaire,"","",0.031,w417830463
TERTIAIRE,Route tertiaire,"","",0.031,w497928396
TERTIAIRE,Route tertiaire,"",C existant,0.031,w1098267970
TERTIAIRE,Route tertiaire,"","",0.031,w650693770
TERTIAIRE,Route tertiaire,"","",0.031,w687495314
TERTIAIRE,Route tertiaire,"","",0.031,w311250893
SECONDAIRE,Route secondaire,"","",0.031,w176487121
SECONDAIRE,Route secondaire,"","",0.030,w488043606
TERTIAIRE,Route tertiaire,"","",0.030,w340384744
TERTIAIRE,Route tertiaire,"","",0.030,w330992858
TERTIAIRE,Route tertiaire,"","",0.030,w273078174
TERTIAIRE,Route tertiaire,"","",0.029,w498340771
TERTIAIRE,Route tertiaire,"","",0.029,w749127612
TERTIAIRE,Route tertiaire,"","",0.029,w571483985
SECONDAIRE,Route secondaire,"","",0.029,w269512733
TERTIAIRE,Route tertiaire,"","",0.029,w752182918
TERTIAIRE,Route tertiaire,"","",0.029,w329184488
TERTIAIRE,Route tertiaire,"","",0.029,w329184479
TERTIAIRE,Route tertiaire,"","",0.029,w705947785
SECONDAIRE,Route secondaire,"","",0.028,w641727484
SECONDAIRE,Route secondaire,"","",0.028,w688699108
SECONDAIRE,Route secondaire,"","",0.028,w688699110
TERTIAIRE,Route tertiaire,"","",0.028,w1098878861
TERTIAIRE,Route tertiaire,"","",0.028,w492791971
TERTIAIRE,Route tertiaire,"","",0.028,w937319872
TERTIAIRE,Route tertiaire,"","",0.028,w744703431
TERTIAIRE,Route tertiaire,"","",0.028,w1020834740
TERTIAIRE,Route tertiaire,"","",0.027,w697150801
TERTIAIRE,Route tertiaire,"","",0.027,w1118177891
SECONDAIRE,Route secondaire,"","",0.027,w496950281
TERTIAIRE,Route tertiaire,"","",0.027,w304952991
TERTIAIRE,Route tertiaire,"","",0.027,w631529832
SECONDAIRE,Route secondaire,"","",0.027,w497034167
TERTIAIRE,Route tertiaire,"","",0.027,w687255454
TERTIAIRE,Route tertiaire,"","",0.027,w330301785
TERTIAIRE,Route tertiaire,"","",0.026,w303020113
TERTIAIRE,Route tertiaire,"","",0.026,w304952982
TERTIAIRE,Route tertiaire,"","",0.026,w1076026045
TERTIAIRE,Route tertiaire,"","",0.026,w1067897364
TERTIAIRE,Route tertiaire,"","",0.026,w650693771
TERTIAIRE,Route tertiaire,"","",0.026,w541391227
TERTIAIRE,Route tertiaire,"","",0.026,w330588742
TERTIAIRE,Route tertiaire,"","",0.025,w681985942
TERTIAIRE,Route tertiaire,"","",0.025,w682859558
TERTIAIRE,Route tertiaire,"",Sangaredi - Aye Koye,0.025,w686007617
TERTIAIRE,Route tertiaire,"","",0.025,w791318121
SECONDAIRE,Route secondaire,"","",0.025,w253565792
TERTIAIRE,Route tertiaire,"","",0.025,w333477741
TERTIAIRE,Route tertiaire,"","",0.025,w337382028
TERTIAIRE,Route tertiaire,"","",0.025,w687590739
TERTIAIRE,Route tertiaire,"","",0.025,w351615021
TERTIAIRE,Route tertiaire,"","",0.025,w398620182
SECONDAIRE,Route secondaire,"","",0.025,w681636773
TERTIAIRE,Route tertiaire,"","",0.025,w911475153
TERTIAIRE,Route tertiaire,"","",0.025,w305548766
TERTIAIRE,Route tertiaire,"","",0.025,w274151652
TERTIAIRE,Route tertiaire,"","",0.025,w325602548
PRINCIPALE,Route primaire,"","",0.025,w269783538
TERTIAIRE,Route tertiaire,"","",0.024,w334211766
TERTIAIRE,Route tertiaire,"","",0.024,w330477516
PRINCIPALE,Route primaire,"","",0.024,w551098156
PRINCIPALE,Route primaire,"","",0.024,w39450863
TERTIAIRE,Route tertiaire,"","",0.024,w307647041
TERTIAIRE,Route tertiaire,"","",0.024,w269512731
TERTIAIRE,Route tertiaire,"","",0.024,w238462343
TERTIAIRE,Route tertiaire,"","",0.024,w561307892
TERTIAIRE,Route tertiaire,"","",0.024,w302317306
TERTIAIRE,Route tertiaire,"","",0.023,w701523061
SECONDAIRE,Route secondaire,"","",0.023,w688699104
TERTIAIRE,Route tertiaire,"","",0.023,w678889673
PRINCIPALE,Route primaire,"",Pont Kaporo,0.023,w39451036
TERTIAIRE,Route tertiaire,"","",0.023,w686125823
SECONDAIRE,Route secondaire,"","",0.023,w918610691
TERTIAIRE,Route tertiaire,"","",0.023,w686584284
SECONDAIRE,Route secondaire,"","",0.023,w686665098
TERTIAIRE,Route tertiaire,"","",0.023,w304026291
TERTIAIRE,Route tertiaire,"","",0.022,w998371996
TERTIAIRE,Route tertiaire,"","",0.022,w273390123
TERTIAIRE,Route tertiaire,"","",0.022,w498531352
TERTIAIRE,Route tertiaire,"","",0.022,w274846450
TERTIAIRE,Route tertiaire,"","",0.022,w687548378
TERTIAIRE,Route tertiaire,"","",0.022,w746143009
SECONDAIRE,Route secondaire,"","",0.022,w679499241
PRINCIPALE,Route primaire,"","",0.022,w505428165
TERTIAIRE,Route tertiaire,"","",0.022,w497952069
TERTIAIRE,Route tertiaire,"","",0.022,w730153451
SECONDAIRE,Route secondaire,"","",0.022,w253675079
TERTIAIRE,Route tertiaire,"","",0.022,w398619818
PRINCIPALE,Route primaire,"","",0.022,w690019675
TERTIAIRE,Route tertiaire,"","",0.021,w686661196
TERTIAIRE,Route tertiaire,"","",0.021,w270875921
TERTIAIRE,Route tertiaire,"","",0.021,w270368424
TERTIAIRE,Route tertiaire,"","",0.021,w272128637
SECONDAIRE,Route secondaire,"","",0.021,w617718561
TERTIAIRE,Route tertiaire,"","",0.021,w502997119
TERTIAIRE,Route tertiaire,"","",0.021,w496780755
TERTIAIRE,Route tertiaire,"","",0.021,w488134563
TERTIAIRE,Route tertiaire,"","",0.020,w1013892696
TERTIAIRE,Route tertiaire,"","",0.020,w331907869
TERTIAIRE,Route tertiaire,"","",0.020,w496780753
TERTIAIRE,Route tertiaire,"","",0.020,w496780760
TERTIAIRE,Route tertiaire,"","",0.020,w502998926
SECONDAIRE,Route secondaire,"","",0.020,w688699106
TERTIAIRE,Route tertiaire,"","",0.020,w678889692
TERTIAIRE,Route tertiaire,"","",0.020,w744703430
PRINCIPALE,Route primaire,"","",0.020,w335055650
TERTIAIRE,Route tertiaire,"","",0.020,w207828881
TERTIAIRE,Route tertiaire,"","",0.020,w750658943
SECONDAIRE,Route secondaire,"","",0.019,w272452866
TERTIAIRE,Route tertiaire,"","",0.019,w911475155
TERTIAIRE,Route tertiaire,"","",0.019,w904760313
TERTIAIRE,Route tertiaire,"","",0.019,w906775186
TERTIAIRE,Route tertiaire,"","",0.019,w746214414
TERTIAIRE,Route tertiaire,"","",0.019,w496780762
SECONDAIRE,Route secondaire,"","",0.019,w953830055
TERTIAIRE,Route tertiaire,"","",0.019,w329039656
TERTIAIRE,Route tertiaire,"","",0.019,w329039655
TERTIAIRE,Route tertiaire,"","",0.019,w327645787
TERTIAIRE,Route tertiaire,"","",0.019,w1010055561
PRINCIPALE,Route primaire,"","",0.019,w559283160
TERTIAIRE,Route tertiaire,"","",0.019,w330992850
TERTIAIRE,Route tertiaire,"","",0.018,w489453443
TERTIAIRE,Route tertiaire,"","",0.018,w489947268
TERTIAIRE,Route tertiaire,"","",0.018,w688272023
SECONDAIRE,Route secondaire,"","",0.018,w310736022
TERTIAIRE,Route tertiaire,"",Sangaredi - Aye Koye,0.018,w686007615
TERTIAIRE,Route tertiaire,"","",0.018,w681891513
SECONDAIRE,Route secondaire,"","",0.018,w496950270
SECONDAIRE,Route secondaire,"","",0.018,w488046518
TERTIAIRE,Route tertiaire,"","",0.018,w392619797
TERTIAIRE,Route tertiaire,"","",0.018,w238322153
SECONDAIRE,Route secondaire,"","",0.018,w685381913
TERTIAIRE,Route tertiaire,"","",0.018,w273065501
TERTIAIRE,Route tertiaire,"","",0.018,w270192313
TERTIAIRE,Route tertiaire,"","",0.018,w339785352
TERTIAIRE,Route tertiaire,"","",0.018,w330376723
TERTIAIRE,Route tertiaire,"","",0.017,w628818149
TERTIAIRE,Route tertiaire,"","",0.017,w328346514
TERTIAIRE,Route tertiaire,"","",0.017,w310939945
PRINCIPALE,Route primaire,"","",0.017,w115512465
TERTIAIRE,Route tertiaire,"","",0.017,w306446921
PRINCIPALE,Route primaire,"","",0.017,w269783539
TERTIAIRE,Route tertiaire,"","",0.017,w317564389
SECONDAIRE,Route secondaire,"",transvervale 5,0.017,w548598612
SECONDAIRE,Route secondaire,"",transvervale 5,0.017,w548598615
TERTIAIRE,Route tertiaire,"","",0.017,w705780549
TERTIAIRE,Route tertiaire,"","",0.017,w723470282
TERTIAIRE,Route tertiaire,"","",0.017,w906775177
TERTIAIRE,Route tertiaire,"","",0.017,w1008413753
TERTIAIRE,Route tertiaire,"","",0.017,w1006953892
TERTIAIRE,Route tertiaire,"","",0.017,w1006303107
TERTIAIRE,Route tertiaire,"","",0.016,w909144393
TERTIAIRE,Route tertiaire,"","",0.016,w331316975
SECONDAIRE,Route secondaire,"","",0.016,w271115780
TERTIAIRE,Route tertiaire,"","",0.016,w305685872
TERTIAIRE,Route tertiaire,"","",0.016,w305548776
SECONDAIRE,Route secondaire,"","",0.016,w941080976
TERTIAIRE,Route tertiaire,"","",0.016,w685222391
TERTIAIRE,Route tertiaire,"","",0.016,w745899340
PRINCIPALE,Route primaire,"","",0.016,w272068859
TERTIAIRE,Route tertiaire,"","",0.016,w907064706
TERTIAIRE,Route tertiaire,"","",0.016,w646932936
TERTIAIRE,Route tertiaire,"","",0.016,w644594200
TERTIAIRE,Route tertiaire,"","",0.016,w681752266
SECONDAIRE,Route secondaire,"","",0.016,w497022075
TERTIAIRE,Route tertiaire,"","",0.016,w253759109
SECONDAIRE,Route secondaire,"","",0.016,w223821417
TERTIAIRE,Route tertiaire,"","",0.015,w688311922
TERTIAIRE,Route tertiaire,"","",0.015,w545944886
TERTIAIRE,Route tertiaire,"","",0.015,w643156937
TERTIAIRE,Route tertiaire,"","",0.015,w545945843
TERTIAIRE,Route tertiaire,"","",0.015,w329039654
SECONDAIRE,Route secondaire,"","",0.015,w690172952
SECONDAIRE,Route secondaire,"","",0.015,w399733608
SECONDAIRE,Route secondaire,"","",0.015,w270848227
TERTIAIRE,Route tertiaire,"","",0.015,w687495312
TERTIAIRE,Route tertiaire,"","",0.015,w329039653
TERTIAIRE,Route tertiaire,"","",0.015,w415340128
TERTIAIRE,Route tertiaire,"","",0.014,w1059545022
TERTIAIRE,Route tertiaire,"","",0.014,w328346532
TERTIAIRE,Route tertiaire,"","",0.014,w681988563
TERTIAIRE,Route tertiaire,"","",0.014,w1004379743
SECONDAIRE,Route secondaire,"","",0.014,w496723248
SECONDAIRE,Route secondaire,"","",0.014,w496950271
TERTIAIRE,Route tertiaire,"","",0.014,w729221688
TERTIAIRE,Route tertiaire,"","",0.014,w668801942
TERTIAIRE,Route tertiaire,"","",0.014,w937079472
TERTIAIRE,Route tertiaire,"","",0.014,w750478166
TERTIAIRE,Route tertiaire,"","",0.014,w939984907
SECONDAIRE,Route secondaire,"","",0.014,w683420754
TERTIAIRE,Route tertiaire,"","",0.014,w1010731417
TERTIAIRE,Route tertiaire,"","",0.014,w793897546
TERTIAIRE,Route tertiaire,"","",0.014,w496780756
TERTIAIRE,Route tertiaire,"","",0.014,w1020786202
PRINCIPALE,Route primaire,"","",0.014,w690020058
TERTIAIRE,Route tertiaire,"","",0.014,w668651644
TERTIAIRE,Route tertiaire,"","",0.014,w270012332
TERTIAIRE,Route tertiaire,"","",0.013,w686125824
TERTIAIRE,Route tertiaire,"","",0.013,w628818147
TERTIAIRE,Route tertiaire,"","",0.013,w681988565
SECONDAIRE,Route secondaire,"","",0.013,w690693509
TERTIAIRE,Route tertiaire,"","",0.013,w648226892
TERTIAIRE,Route tertiaire,"","",0.013,w643561147
TERTIAIRE,Route tertiaire,"","",0.013,w940371770
TERTIAIRE,Route tertiaire,"","",0.013,w629241221
SECONDAIRE,Route secondaire,"","",0.013,w480650787
TERTIAIRE,Route tertiaire,"","",0.013,w645065154
TERTIAIRE,Route tertiaire,"","",0.013,w238471906
TERTIAIRE,Route tertiaire,"","",0.013,w463724119
TERTIAIRE,Route tertiaire,"","",0.013,w1004362102
TERTIAIRE,Route tertiaire,"","",0.013,w636551019
TERTIAIRE,Route tertiaire,"","",0.013,w496780758
TERTIAIRE,Route tertiaire,"","",0.012,w696652308
TERTIAIRE,Route tertiaire,"","",0.012,w270677090
TERTIAIRE,Route tertiaire,"","",0.012,w315886573
TERTIAIRE,Route tertiaire,"","",0.012,w489453498
TERTIAIRE,Route tertiaire,"","",0.012,w302317298
TERTIAIRE,Route tertiaire,"","",0.012,w633501721
SECONDAIRE,Bretelle route secondaire,"","",0.012,w688877179
TERTIAIRE,Route tertiaire,"","",0.012,w633292967
TERTIAIRE,Route tertiaire,"","",0.012,w905768218
TERTIAIRE,Route tertiaire,"","",0.012,w687590736
TERTIAIRE,Route tertiaire,"","",0.012,w686852303
PRINCIPALE,Route primaire,"","",0.012,w685847308
TERTIAIRE,Route tertiaire,"","",0.012,w643380753
SECONDAIRE,Route secondaire,"","",0.012,w480648059
SECONDAIRE,Route secondaire,"","",0.012,w488043604
TERTIAIRE,Route tertiaire,"","",0.012,w305854302
TERTIAIRE,Route tertiaire,"","",0.012,w668649682
SECONDAIRE,Route secondaire,"","",0.012,w681742701
SECONDAIRE,Route secondaire,"","",0.012,w687322129
TERTIAIRE,Route tertiaire,"",Pont Oudiala,0.012,w678385931
TERTIAIRE,Route tertiaire,"","",0.012,w545945847
TERTIAIRE,Route tertiaire,"","",0.011,w1066125041
SECONDAIRE,Route secondaire,"","",0.011,w488043608
TERTIAIRE,Route tertiaire,"","",0.011,w335055649
TERTIAIRE,Route tertiaire,"","",0.011,w327607693
TERTIAIRE,Route tertiaire,"","",0.011,w541391224
TERTIAIRE,Route tertiaire,"","",0.011,w745607909
SECONDAIRE,Route secondaire,"","",0.011,w689671569
TERTIAIRE,Route tertiaire,"","",0.011,w906775181
TERTIAIRE,Route tertiaire,"","",0.011,w489453500
SECONDAIRE,Route secondaire,"","",0.011,w689659086
TERTIAIRE,Route tertiaire,"","",0.011,w1068311932
TERTIAIRE,Route tertiaire,"","",0.011,w939781333
SECONDAIRE,Route secondaire,"","",0.011,w690295019
SECONDAIRE,Route secondaire,"","",0.011,w496950269
TERTIAIRE,Route tertiaire,"","",0.011,w636335140
TERTIAIRE,Route tertiaire,"","",0.011,w646932935
TERTIAIRE,Route tertiaire,"","",0.011,w541391225
TERTIAIRE,Route tertiaire,"","",0.011,w682691332
TERTIAIRE,Route tertiaire,"","",0.011,w686513151
TERTIAIRE,Route tertiaire,"","",0.011,w686777129
TERTIAIRE,Route tertiaire,"","",0.010,w1020786205
TERTIAIRE,Route tertiaire,"","",0.010,w269886048
TERTIAIRE,Route tertiaire,"","",0.010,w270081381
TERTIAIRE,Route tertiaire,"","",0.010,w1020798107
TERTIAIRE,Route tertiaire,"","",0.010,w272236454
TERTIAIRE,Route tertiaire,"","",0.010,w274063727
TERTIAIRE,Route tertiaire,"","",0.010,w489453496
SECONDAIRE,Route secondaire,"","",0.010,w1123105289
SECONDAIRE,Route secondaire,"","",0.010,w689667373
SECONDAIRE,Route secondaire,"","",0.010,w684342966
SECONDAIRE,Route secondaire,"","",0.010,w488037038
SECONDAIRE,Route secondaire,"","",0.010,w307909911
SECONDAIRE,Route secondaire,"","",0.010,w273088034
TERTIAIRE,Route tertiaire,"","",0.010,w688923526
TERTIAIRE,Route tertiaire,"","",0.010,w941757715
TERTIAIRE,Route tertiaire,"","",0.010,w1004379744
TERTIAIRE,Route tertiaire,"","",0.010,w274445917
TERTIAIRE,Route tertiaire,"","",0.010,w274151653
TERTIAIRE,Route tertiaire,"","",0.010,w209113610
TERTIAIRE,Route tertiaire,"","",0.009,w668691304
SECONDAIRE,Route secondaire,"","",0.009,w689630657
PRINCIPALE,Route primaire,"",A1,0.009,w868427773
TERTIAIRE,Route tertiaire,"","",0.009,w330992856
TERTIAIRE,Route tertiaire,"","",0.009,w496941660
SECONDAIRE,Route secondaire,"","",0.009,w688118155
TERTIAIRE,Route tertiaire,"","",0.009,w545944861
SECONDAIRE,Route secondaire,"","",0.009,w689923874
SECONDAIRE,Bretelle route secondaire,"","",0.009,w541391226
SECONDAIRE,Route secondaire,"","",0.009,w641619126
SECONDAIRE,Route secondaire,"","",0.009,w689720215
SECONDAIRE,Route secondaire,"","",0.009,w496950273
SECONDAIRE,Route secondaire,"","",0.009,w489455897
SECONDAIRE,Route secondaire,"","",0.009,w689667377
TERTIAIRE,Route tertiaire,"","",0.009,w1013911476
SECONDAIRE,Route secondaire,"","",0.009,w689667375
TERTIAIRE,Route tertiaire,"","",0.009,w545945845
SECONDAIRE,Route secondaire,"","",0.009,w690295022
TERTIAIRE,Route tertiaire,"","",0.009,w311465086
TERTIAIRE,Route tertiaire,"","",0.009,w310939949
SECONDAIRE,Route secondaire,"","",0.009,w253855861
SECONDAIRE,Route secondaire,"","",0.009,w689930309
TERTIAIRE,Route tertiaire,"","",0.009,w330588734
TERTIAIRE,Route tertiaire,"","",0.008,w1010055551
TERTIAIRE,Route tertiaire,"","",0.008,w638279364
TERTIAIRE,Route tertiaire,"","",0.008,w643561144
TERTIAIRE,Route tertiaire,"","",0.008,w330992851
TERTIAIRE,Route tertiaire,"","",0.008,w545945849
TERTIAIRE,Route tertiaire,"","",0.008,w644606389
TERTIAIRE,Route tertiaire,"","",0.008,w548928055
TERTIAIRE,Route tertiaire,"","",0.008,w488037029
TERTIAIRE,Route tertiaire,"","",0.008,w1098878859
TERTIAIRE,Route tertiaire,"","",0.008,w666653806
TERTIAIRE,Route tertiaire,"","",0.008,w330972046
SECONDAIRE,Route secondaire,"","",0.008,w488043614
SECONDAIRE,Route secondaire,"","",0.008,w488043612
SECONDAIRE,Route secondaire,"","",0.008,w488043610
SECONDAIRE,Route secondaire,"","",0.008,w480650788
TERTIAIRE,Route tertiaire,"","",0.008,w915927933
SECONDAIRE,Route secondaire,"","",0.008,w689638212
TERTIAIRE,Route tertiaire,"","",0.008,w682020667
TERTIAIRE,Route tertiaire,"","",0.008,w325590392
TERTIAIRE,Route tertiaire,"","",0.008,w311150600
TERTIAIRE,Route tertiaire,"","",0.008,w307883483
TERTIAIRE,Route tertiaire,"","",0.008,w270289839
TERTIAIRE,Route tertiaire,"","",0.008,w668459879
TERTIAIRE,Route tertiaire,"","",0.008,w632540960
TERTIAIRE,Route tertiaire,"","",0.008,w632558229
TERTIAIRE,Route tertiaire,"","",0.007,w904230392
TERTIAIRE,Route tertiaire,"","",0.007,w496723245
TERTIAIRE,Route tertiaire,"","",0.007,w272068861
VOIE_RAPIDE,Voie rapide,"","",0.007,w290578019
TERTIAIRE,Route tertiaire,"","",0.007,w1013892690
TERTIAIRE,Route tertiaire,"","",0.007,w270289845
TERTIAIRE,Route tertiaire,"","",0.007,w617834879
TERTIAIRE,Route tertiaire,"","",0.007,w682689034
TERTIAIRE,Route tertiaire,"","",0.007,w492790754
TERTIAIRE,Route tertiaire,"","",0.007,w292986949
TERTIAIRE,Route tertiaire,"","",0.007,w616979980
TERTIAIRE,Route tertiaire,"","",0.007,w330992852
SECONDAIRE,Route secondaire,"","",0.007,w689938413
TERTIAIRE,Route tertiaire,"","",0.007,w496780768
TERTIAIRE,Route tertiaire,"","",0.007,w703396843
TERTIAIRE,Route tertiaire,"","",0.007,w330689791
SECONDAIRE,Route secondaire,"","",0.006,w683524362
TERTIAIRE,Route tertiaire,"","",0.006,w703396850
TERTIAIRE,Route tertiaire,"","",0.006,w269570344
TERTIAIRE,Route tertiaire,"","",0.006,w272018363
TERTIAIRE,Route tertiaire,"","",0.006,w326158078
SECONDAIRE,Route secondaire,"","",0.006,w496950275
SECONDAIRE,Route secondaire,"","",0.006,w496723250
SECONDAIRE,Route secondaire,"","",0.006,w488037072
SECONDAIRE,Route secondaire,"","",0.006,w496950277
TERTIAIRE,Route tertiaire,"","",0.006,w650693769
SECONDAIRE,Route secondaire,"","",0.006,w270852433
TERTIAIRE,Route tertiaire,"","",0.006,w666653802
TERTIAIRE,Route tertiaire,"","",0.006,w1067934998
TERTIAIRE,Route tertiaire,"","",0.006,w488036997
SECONDAIRE,Route secondaire,"","",0.005,w629123211
TERTIAIRE,Route tertiaire,"","",0.005,w496780754
SECONDAIRE,Route secondaire,"","",0.005,w683524363
TERTIAIRE,Route tertiaire,"","",0.005,w496780764
TERTIAIRE,Route tertiaire,"","",0.005,w1014591733
SECONDAIRE,Route secondaire,"","",0.005,w689644340
TERTIAIRE,Route tertiaire,"","",0.005,w686587359
TERTIAIRE,Route tertiaire,"","",0.005,w629241223
SECONDAIRE,Route secondaire,"","",0.004,w690693507
TERTIAIRE,Route tertiaire,"","",0.004,w681695749
TERTIAIRE,Route tertiaire,"","",0.004,w311154086
TERTIAIRE,Route tertiaire,"","",0.004,w497297741
TERTIAIRE,Route tertiaire,"","",0.004,w291759198
TERTIAIRE,Route tertiaire,"","",0.003,w496780766
TERTIAIRE,Route tertiaire,"","",0.003,w629241228
TERTIAIRE,Route tertiaire,"","",0.003,w311501451
TERTIAIRE,Route tertiaire,"","",0.002,w941757713
